Segment,Miles,Accidents
1,1.5,0
2,2.9,0
3,1.49,0
4,0.39,0
5,3.89,0
6,2.03,0
7,0.91,0
8,0.89,0
9,0.97,0
10,2.16,0
11,0.04,0
12,1.12,1
13,2.26,0
14,3.6,1
15,1.94,0
16,0.41,1
17,2,0
18,0.9,0
19,0.9,0
20,0.9,0
21,0.1,0
22,0.88,1
23,0.91,0
24,6.84,2
25,3.14,3
26,2.98,0
27,0.77,0
28,0.12,0
29,1.95,0
30,0.9,0
31,0.93,1
32,0.91,1
33,2.92,1
34,0.92,0
35,1.89,0
36,0.87,1
37,0.89,0
38,0.89,0
39,2.88,0
40,0.87,1
41,2.15,0
42,0.65,0
43,1.87,0
44,1.9,0
45,2,0
46,3.36,0
47,2.41,0
48,0.05,0
49,0.5,0
50,2.03,0
51,1.63,0
52,1.2,1
53,1.94,0
54,1.91,0
55,1.92,0
56,0.14,0
57,1.03,0
58,0.9,0
59,6.49,1
60,1.82,0
61,2.84,0
62,0.95,0
63,0.9,0
64,0.9,0
65,0.9,0
66,0.93,0
67,0.89,0
68,1.91,0
69,1.9,0
70,2.04,1
71,1.32,0
72,0.34,0
73,0.9,0
74,0.9,0
75,0.87,0
76,0.9,0
77,0.9,0
78,0.9,0
79,0.9,0
80,0.91,1
81,1.95,0
82,1.74,1
83,0.91,0
84,0.75,0
85,0.75,0
86,0.14,0
87,2.6,1
88,0.94,0
89,0.76,0
90,1.89,1
91,1.27,1
92,0.9,0
93,0.9,0
94,1.4,0
95,0.86,0
96,0.37,0
97,5.01,2
98,0.9,0
99,0.9,0
100,0.94,0
101,2.34,0
102,1.17,0
103,2.08,0
104,0.78,0
105,1.1,1
106,0.14,2
107,0.01,0
108,0.89,0
109,0.91,0
110,0.91,0
111,4.57,0
112,1.6,0
113,0.28,0
114,0.43,0
115,0.11,0
116,3.33,1
117,0.9,0
118,0.84,0
119,0.68,2
120,3.56,1
121,3.28,0
122,3.96,0
123,1.26,0
124,0.1,0
125,0.9,0
126,0.9,0
127,0.91,0
128,0.9,0
129,0.9,0
130,0.86,1
131,0.44,0
132,1.39,1
133,1.49,0
134,0.17,0
135,0.16,0
136,1.19,1
137,2.37,1
138,0.9,0
139,1.93,0
140,0.91,0
141,0.9,0
142,1.92,0
143,3.24,0
144,0.53,0
145,0.97,0
146,0.89,0
147,0.19,0
148,0.71,0
149,2.87,0
150,3.91,0
151,0.14,0
152,2.83,2
153,0.4,0
154,0.08,0
155,1.73,0
156,0.04,0
157,1.54,1
158,1.73,0
159,5.09,4
160,2.13,0
161,3.26,0
162,2.71,0
163,5.03,5
164,3.82,0
165,3.04,0
166,1.39,2
167,0.96,1
168,1.93,0
169,0.86,0
170,1.88,0
171,0.9,0
172,1.91,0
173,1.91,0
174,0.89,0
175,0.91,0
176,4.54,0
177,2.9,1
178,1.23,0
179,0.9,0
180,0.9,0
181,0.45,0
182,0.16,0
183,0.91,0
184,0.91,0
185,0.35,0
186,3.32,1
187,0.87,0
188,0.33,0
189,0.79,0
190,0.59,0
191,0.28,0
192,0.91,1
193,0.91,0
194,0.91,0
195,0.91,0
196,0.9,0
197,0.06,2
198,3.84,1
199,0.67,0
200,2.49,0
201,4.15,1
202,1.91,2
203,1.02,0
204,0.97,0
205,0.2,0
206,1.25,0
207,0.35,0
208,0.91,0
209,1.93,0
210,0.92,0
211,2.06,0
212,0.91,0
213,0.9,0
214,0.87,0
215,0.08,0
216,0.21,0
217,1.9,0
218,1.9,0
219,0.89,1
220,0.9,0
221,0.81,1
222,0.83,0
223,0.89,1
224,0.38,0
225,0.96,0
226,1.9,0
227,0.91,1
228,0.9,0
229,0.92,1
230,1.76,0
231,2.43,0
232,0.91,1
233,0.89,0
234,0.9,0
235,0.9,0
236,1.9,1
237,4.3,2
238,4.19,0
239,1.25,0
240,0.53,1
241,0.52,0
242,0.89,0
243,0.42,0
244,1.83,0
245,0.15,0
246,0.3,0
247,0.89,0
248,0.91,0
249,0.76,0
250,0.9,0
251,1.92,1
252,4.62,6
253,0.37,0
254,0.91,1
255,0.91,0
256,0.92,0
257,2.92,1
258,1.9,0
259,1.9,0
260,1.4,0
261,1.39,1
262,1.9,0
263,0.91,0
264,0.89,0
265,0.92,0
266,0.89,0
267,0.87,0
268,0.97,0
269,0.97,0
270,0.25,0
271,0.91,1
272,0.91,1
273,0.67,1
274,0.92,0
275,0.92,2
276,0.4,0
277,0.91,0
278,0.91,0
279,0.9,0
280,0.9,0
281,0.91,0
282,0.39,0
283,1.76,0
284,0.9,0
285,0.77,0
286,0.8,0
287,0.89,0
288,1.9,0
289,0.94,0
290,0.71,0
291,1.1,1
292,0.7,0
293,0.92,0
294,0.92,0
295,0.23,0
296,0.64,0
297,1.01,0
298,2.06,1
299,2.04,0
300,0.95,0
301,0.42,0
302,3.13,1
303,0.96,1
304,0.95,0
305,0.47,0
306,2.9,0
307,3.97,2
308,0.89,0
309,0.94,2
310,1.89,0
311,0.94,3
312,0.92,2
313,1.88,0
314,2.91,3
315,0.89,0
316,6.39,3
317,2.92,0
318,0.91,1
319,0.91,0
320,0.93,0
321,3.01,1
322,2.28,0
323,2.04,0
324,2.03,0
325,0.04,0
326,3.8,5
327,0.9,0
328,1.9,1
329,2.87,0
330,3.17,0
331,0.01,0
332,6.41,1
333,0.86,0
334,1.89,0
335,0.9,1
336,0.9,1
337,0.9,0
338,1.94,0
339,0.84,1
340,0.68,2
341,0.24,0
342,1.9,3
343,0.8,1
344,2.1,0
345,1.64,1
346,0.08,0
347,1.49,0
348,0.38,0
349,3.11,1
350,3.25,5
351,3.08,1
352,1.4,3
353,2.24,1
354,3.36,1
355,1.34,0
356,5.8,4
357,0.91,0
358,0.92,1
359,0.94,0
360,0.92,0
361,0.98,0
362,0.9,0
363,0.47,0
364,1.37,0
365,0.9,0
366,1.86,0
367,0.9,0
368,0.83,0
369,1.9,1
370,0.91,0
371,1.91,0
372,0.89,0
373,0.9,0
374,1.77,1
375,0.9,0
376,0.91,0
377,0.92,0
378,0.93,0
379,1.99,0
380,0.4,0
381,2.2,0
382,2.69,1
383,1.53,0
384,0.6,0
385,0.12,1
386,2.86,0
387,0.1,0
388,0.35,0
389,0.9,1
390,0.9,0
391,0.89,0
392,1.9,0
393,0.9,0
394,0.11,0
395,0.05,0
396,0.02,0
397,0.25,0
398,2.99,0
399,1.07,0
400,2.1,0
401,1,0
402,0.57,0
403,0.51,0
404,0.01,0
405,4.25,0
406,0.79,0
407,0.91,1
408,0.64,0
409,0.9,0
410,0.89,0
411,0.9,0
412,0.88,0
413,0.79,0
414,0.71,0
415,0.2,0
416,2.02,0
417,1.17,0
418,0.11,0
419,1.54,0
420,0.05,0
421,0.28,0
422,1.75,1
423,0.18,1
424,2.38,1
425,0.41,0
426,0.66,0
427,0.4,0
428,0.06,0
429,1.12,0
430,0.87,0
431,0.51,0
432,0.39,0
433,0.92,1
434,0.9,0
435,1.91,0
436,0.9,1
437,0.9,0
438,0.89,0
439,1.97,0
440,0.97,1
441,1.95,1
442,1.52,1
443,2.47,1
444,0.89,0
445,0.64,0
446,2.55,0
447,0.29,0
448,0.45,0
449,0.9,1
450,1.9,0
451,1.89,0
452,0.13,0
453,0.9,0
454,0.9,2
455,1.28,0
456,1.53,0
457,0.53,0
458,1.09,0
459,0.27,0
460,0.96,0
461,0.17,1
462,0.89,1
463,1.91,2
464,1.91,2
465,0.87,0
466,0.9,0
467,0.9,0
468,1.93,0
469,0.92,0
470,0.86,0
471,0.9,0
472,1.92,1
473,0.89,1
474,0.9,0
475,0.84,0
476,0.98,0
477,0.94,0
478,0.91,0
479,0.9,0
480,0.18,0
481,0.88,0
482,1.08,0
483,1.99,1
484,0.33,0
485,0.69,0
486,1.86,2
487,0.71,2
488,0.35,0
489,1.27,1
490,0.65,0
491,7.22,2
492,2.91,1
493,1.91,0
494,0.6,0
495,0.93,0
496,1.8,0
497,0.97,0
498,0.86,1
499,0.41,0
500,0.4,0
501,1.89,1
502,0.4,0
503,0.03,0
504,0.23,0
505,0.03,0
506,0.59,0
507,0.04,0
508,0.02,0
509,0.69,0
510,0.9,0
511,0.92,0
512,0.98,0
513,1.74,0
514,0.91,1
515,1.92,2
516,0.9,0
517,0.95,0
518,0.39,0
519,6.09,0
520,0.2,0
521,1.63,0
522,1.83,0
523,0.56,0
524,0.91,0
525,0.9,1
526,0.9,0
527,0.91,0
528,0.31,0
529,2.23,0
530,0.96,0
531,0.52,0
532,0.91,0
533,0.9,0
534,1.89,0
535,0.91,0
536,0.91,0
537,0.89,0
538,0.82,0
539,0.9,0
540,0.95,1
541,1.91,1
542,0.89,1
543,1.73,1
544,0.22,0
545,3.15,1
546,2.69,0
547,0.4,0
548,0.61,0
549,0.69,0
550,0.73,0
551,0.03,0
552,0.4,1
553,0.43,0
554,0.14,0
555,0.82,0
556,1.88,0
557,0.89,0
558,0.87,0
559,0.9,0
560,0.9,0
561,0.47,0
562,0.16,0
563,0.08,0
564,0.93,0
565,0.87,1
566,0.93,0
567,0.88,0
568,0.78,1
569,0.9,0
570,0.34,0
571,0.9,0
572,0.89,0
573,0.89,0
574,0.91,0
575,0.93,0
576,0.9,0
577,0.83,1
578,0.67,0
579,0.9,0
580,0.16,0
581,0.9,0
582,0.93,0
583,0.88,0
584,0.84,0
585,0.91,0
586,0.52,0
587,0.95,0
588,0.62,1
589,1.91,1
590,3.5,3
591,1,2
592,0.86,0
593,1.79,1
594,0.91,0
595,0.48,0
596,0.91,0
597,1.9,0
598,0.16,0
599,0.91,0
600,0.81,0
601,0.85,0
602,3.03,0
603,3.74,2
604,1.02,0
605,2.16,0
606,0.88,1
607,0.86,0
608,1.86,0
609,1.1,1
610,0.1,0
611,0.65,0
612,2.91,0
613,2.33,0
614,1.69,0
615,0.93,0
616,0.87,0
617,1.96,0
618,1.86,1
619,0.84,0
620,0.93,0
621,2.03,0
622,1.63,1
623,2.1,2
624,0.02,0
625,0.91,0
626,0.91,0
627,0.95,0
628,0.92,1
629,0.89,0
630,0.17,0
631,0.85,0
632,2.89,0
633,1.95,1
634,1.78,0
635,0.81,0
636,0.88,0
637,3.22,0
638,0.01,0
639,0.54,0
640,0.9,0
641,1.9,0
642,0.89,0
643,0.9,2
644,1.5,0
645,1.25,0
646,0.9,0
647,0.78,0
648,0.94,1
649,0.01,0
650,0.89,0
651,1.22,0
652,0.11,0
653,0.31,0
654,1.29,0
655,0.57,0
656,0.52,0
657,0.41,0
658,0.92,0
659,0.9,1
660,0.91,0
661,1.89,0
662,1.03,0
663,5.64,1
664,0.92,0
665,0.14,0
666,0.84,0
667,0.92,0
668,0.88,0
669,0.89,0
670,0.84,0
671,0.76,1
672,0.91,2
673,1.88,0
674,0.91,0
675,0.16,0
676,0.83,1
677,0.9,0
678,1.9,1
679,0.92,2
680,0.91,0
681,0.9,0
682,0.9,0
683,0.91,1
684,1.94,0
685,1.93,0
686,0.9,0
687,0.88,0
688,0.89,0
689,0.89,0
690,0.91,0
691,0.23,0
692,4.46,2
693,0.47,1
694,5,0
695,0.9,0
696,0.89,1
697,0.9,0
698,4.2,1
699,0.19,0
700,5.05,1
701,2.9,1
702,1.75,1
703,1.87,0
704,0.79,1
705,0.89,0
706,1.91,0
707,0.88,1
708,0.9,0
709,0.54,0
710,0.92,1
711,0.91,1
712,0.83,1
713,0.9,0
714,0.64,0
715,0.89,0
716,0.93,0
717,0.93,1
718,0.44,0
719,0.92,0
720,0.84,0
721,0.9,1
722,1.03,0
723,0.87,0
724,0.11,0
725,0.77,0
726,0.87,0
727,1.1,0
728,0.63,0
729,0.01,0
730,1.92,2
731,0.91,1
732,1.91,0
733,0.76,0
734,0.91,0
735,0.37,0
736,0.89,0
737,0.92,0
738,0.92,1
739,0.91,0
740,0.92,0
741,0.51,0
742,0.92,0
743,0.91,1
744,0.92,1
745,0.9,0
746,1.18,0
747,0.91,0
748,0.9,0
749,2.98,0
750,0.91,0
751,2.02,1
752,0.95,0
753,0.75,0
754,1.06,0
755,0.86,0
756,0.77,0
757,0.85,0
758,1.9,0
759,3.01,3
760,0.35,1
761,2.03,1
762,0.9,1
763,0.56,0
764,0.97,0
765,1.17,0
766,1.31,0
767,0.18,0
768,0.07,0
769,1.36,0
770,1.26,1
771,0.79,1
772,1.13,0
773,1.13,0
774,0.29,1
775,0.64,0
776,0.91,0
777,1.4,1
778,0.4,0
779,0.95,0
780,4.38,4
781,0.24,0
782,1.68,0
783,0.9,1
784,0.01,0
785,0.15,0
786,2.97,0
787,1.45,0
788,0.91,0
789,0.38,0
790,0.9,1
791,0.91,0
792,0.91,0
793,0.88,0
794,0.84,0
795,0.96,0
796,0.84,0
797,0.88,0
798,0.9,0
799,0.9,0
800,1.26,0
801,2.32,1
802,1.31,1
803,0.9,0
804,0.9,0
805,1.93,4
806,0.75,1
807,0.91,1
808,0.64,3
809,3.89,2
810,1.77,4
811,0.1,0
812,0.9,1
813,0.92,0
814,0.53,0
815,0.05,0
816,0.23,0
817,2.87,0
818,0.89,0
819,0.9,0
820,0.93,0
821,0.91,0
822,0.87,0
823,0.38,0
824,0.93,0
825,0.91,0
826,1.94,0
827,0.75,0
828,0.97,0
829,1.15,1
830,0.9,0
831,1.26,1
832,0.87,0
833,0.91,0
834,0.88,0
835,1.11,0
836,0.55,0
837,0.43,0
838,0.1,0
839,0.62,0
840,0.68,0
841,0.69,0
842,0.58,0
843,0.13,0
844,0.16,0
845,0.52,0
846,0.08,0
847,0.63,0
848,0.91,0
849,1.93,0
850,0.21,0
851,0.84,0
852,0.44,1
853,0.38,0
854,0.4,0
855,0.92,0
856,0.9,1
857,0.87,1
858,0.4,1
859,0.92,0
860,0.9,0
861,0.9,0
862,0.89,0
863,0.86,0
864,1.92,1
865,0.97,0
866,1.3,0
867,1,0
868,2.94,0
869,0.91,0
870,1.98,1
871,0.62,1
872,0.43,0
873,1.16,0
874,0.29,0
875,1.5,0
876,0.37,0
877,0.13,0
878,1.41,0
879,1.62,1
880,0.97,1
881,0.9,0
882,0.91,0
883,0.95,0
884,0.9,1
885,2.4,0
886,0.37,0
887,0.03,0
888,1.49,0
889,0.95,0
890,4.14,2
891,0.89,0
892,0.93,1
893,1.97,0
894,1.95,0
895,0.81,0
896,0.9,0
897,0.56,0
898,0.9,0
899,0.9,0
900,1.01,0
901,1.91,0
902,1.79,0
903,0.91,0
904,0.37,0
905,0.25,0
906,0.89,0
907,3.24,2
908,0.01,0
909,0.66,0
910,2.04,0
911,0.92,0
912,0.52,0
913,1.94,0
914,2.05,0
915,0.36,1
916,0.24,0
917,0.1,0
918,0.4,0
919,0.7,0
920,0.43,0
921,0.12,0
922,0.03,0
923,0.9,0
924,0.88,0
925,0.9,0
926,0.21,0
927,0.7,0
928,0.31,0
929,0.03,0
930,0.9,1
931,0.91,0
932,0.02,0
933,0.92,0
934,2.79,0
935,0.9,1
936,3.38,0
937,1.89,0
938,0.9,0
939,0.33,1
940,0.46,0
941,0.65,0
942,0.81,0
943,0.98,1
944,0.05,0
945,0.97,0
946,0.89,0
947,0.91,0
948,0.9,0
949,0.91,0
950,0.89,0
951,0.91,0
952,0.91,0
953,0.85,0
954,0.97,0
955,1.91,0
956,0.79,0
957,0.87,0
958,0.62,0
959,0.91,0
960,0.71,0
961,0.67,0
962,0.87,0
963,0.09,0
964,0.9,0
965,0.88,0
966,0.93,0
967,0.89,1
968,0.82,1
969,0.9,1
970,2.42,2
971,0.03,0
972,2.84,1
973,1.89,0
974,1.01,2
975,0.9,0
976,1.24,1
977,1.9,0
978,0.89,0
979,0.88,0
980,3.08,2
981,0.91,0
982,0.89,0
983,0.92,0
984,0.91,0
985,0.94,0
986,2.26,1
987,0.75,0
988,0.85,0
989,1.07,0
990,0.21,0
991,0.64,0
992,0.92,3
993,0.83,0
994,0.17,0
995,0.92,3
996,0.89,0
997,1.96,1
998,0.9,0
999,0.91,1
1000,0.16,0
1001,0.34,0
1002,0.32,0
1003,0.59,2
1004,1.2,1
1005,0.69,0
1006,0.08,0
1007,0.93,0
1008,0.84,1
1009,0.46,0
1010,0.44,0
1011,1.97,1
1012,3.12,1
1013,0.9,0
1014,0.9,1
1015,0.91,1
1016,0.9,0
1017,0.9,0
1018,0.9,0
1019,0.71,1
1020,0.06,0
1021,1.49,0
1022,0.03,0
1023,2.78,1
1024,1.19,0
1025,2.97,0
1026,0.24,0
1027,1.92,2
1028,2.88,2
1029,0.92,0
1030,0.9,1
1031,0.91,0
1032,0.9,0
1033,2.67,1
1034,0.9,1
1035,2.92,1
1036,1.9,0
1037,0.9,1
1038,0.9,0
1039,0.9,0
1040,0.68,0
1041,0.96,2
1042,0.92,0
1043,0.93,0
1044,1.95,0
1045,0.97,0
1046,0.27,0
1047,0.41,2
1048,0.88,0
1049,0.92,0
1050,1.7,0
1051,0.1,0
1052,0.02,0
1053,1.32,0
1054,0.03,0
1055,0.76,0
1056,0.57,0
1057,0.64,0
1058,0.63,0
1059,1.02,1
1060,0.9,0
1061,0.42,0
1062,1.44,0
1063,0.91,1
1064,2.92,2
1065,0.91,1
1066,0.03,0
1067,0.71,1
1068,0.13,0
1069,0.4,0
1070,0.51,0
1071,1.39,0
1072,0.76,0
1073,0.92,0
1074,1.29,1
1075,1.9,2
1076,0.78,0
1077,0.04,0
1078,0.89,0
1079,0.79,1
1080,0.09,0
1081,0.16,1
1082,0.13,0
1083,0.89,0
1084,0.95,1
1085,1.97,0
1086,0.52,0
1087,3.06,1
1088,0.43,0
1089,0.4,0
1090,0.93,2
1091,0.89,0
1092,0.92,0
1093,0.27,0
1094,0.87,1
1095,0.06,0
1096,0.92,0
1097,0.9,1
1098,1.9,0
1099,0.9,2
1100,0.81,1
1101,0.14,0
1102,0.43,1
1103,0.88,1
1104,0.93,0
1105,0.9,0
1106,0.88,0
1107,0.62,0
1108,0.91,0
1109,0.34,0
1110,0.02,0
1111,0.42,0
1112,0.4,1
1113,0.19,0
1114,0.94,0
1115,0.91,1
1116,0.66,0
1117,0.63,0
1118,0.94,0
1119,0.43,0
1120,0.94,0
1121,0.89,0
1122,0.5,2
1123,0.92,0
1124,0.93,0
1125,0.34,0
1126,0.97,1
1127,1.13,1
1128,0.91,0
1129,1.9,3
1130,0.39,0
1131,0.39,0
1132,0.91,0
1133,0.91,0
1134,0.39,0
1135,0.87,1
1136,0.47,0
1137,0.93,0
1138,0.91,0
1139,0.15,0
1140,0.19,0
1141,0.01,0
1142,1.29,1
1143,4.82,3
1144,0.89,0
1145,0.87,0
1146,0.07,0
1147,0.3,0
1148,0.13,0
1149,0.62,0
1150,0.7,1
1151,1.9,2
1152,0.42,0
1153,1.48,0
1154,1,1
1155,0.41,0
1156,1.41,0
1157,0.57,1
1158,3.8,3
1159,0.65,1
1160,0.9,0
1161,0.21,0
1162,0.92,1
1163,0.89,1
1164,0.71,0
1165,0.92,0
1166,0.93,0
1167,0.9,0
1168,0.92,0
1169,0.9,0
1170,0.09,0
1171,0.84,0
1172,0.7,0
1173,0.15,0
1174,0.22,0
1175,0.02,0
1176,0.89,1
1177,1.28,2
1178,0.5,0
1179,2.91,1
1180,0.92,0
1181,1.95,0
1182,1.39,0
1183,0.41,0
1184,0.41,0
1185,0.85,1
1186,0.27,0
1187,2.04,4
1188,0.58,2
1189,0.41,0
1190,0.42,0
1191,0.28,0
1192,0.41,0
1193,0.56,1
1194,1.34,4
1195,0.07,0
1196,1.92,2
1197,0.07,0
1198,0.92,0
1199,0.91,0
1200,0.91,0
1201,0.92,1
1202,2.16,1
1203,0.61,0
1204,0.04,0
1205,0.9,1
1206,0.82,0
1207,8.44,9
1208,2,0
1209,0.28,0
1210,0.16,0
1211,1.11,0
1212,0.94,2
1213,2.49,3
1214,0.25,0
1215,0.89,2
1216,0.91,0
1217,0.11,0
1218,1.9,3
1219,1.87,5
1220,1.68,3
1221,1,1
1222,0.1,0
1223,0.9,0
1224,0.66,0
1225,0.91,0
1226,0.9,0
1227,0.9,0
1228,0.36,0
1229,0.38,1
1230,0.9,1
1231,0.28,0
1232,0.38,0
1233,0.01,0
1234,0.41,1
1235,1.54,2
1236,2.93,2
1237,0.01,0
1238,0.89,2
1239,0.86,0
1240,1.89,1
1241,0.91,1
1242,0.28,0
1243,0.69,2
1244,0.54,1
1245,0.67,0
1246,0.04,0
1247,0.09,1
1248,0.56,0
1249,0.43,0
1250,1.89,0
1251,1,0
1252,1.4,1
1253,0.9,1
1254,0.9,0
1255,0.15,1
1256,2,2
1257,0.9,1
1258,1.91,1
1259,2,1
1260,0.83,1
1261,0.54,1
1262,0.46,1
1263,5.83,2
1264,2.7,2
1265,0.48,0
1266,1.33,0
1267,1.38,0
1268,0.33,0
1269,0.11,0
1270,0.51,0
1271,0.94,2
1272,0.48,0
1273,0.9,0
1274,0.4,0
1275,0.82,0
1276,0.89,1
1277,0.4,0
1278,0.9,2
1279,0.91,0
1280,1.89,0
1281,0.9,2
1282,0.91,1
1283,2.23,1
1284,1.86,2
1285,0.9,0
1286,3.89,8
1287,0.11,0
1288,0.42,1
1289,0.94,0
1290,1.37,1
1291,1.75,2
1292,2.74,1
1293,1.47,0
1294,0.9,1
1295,1.31,0
1296,0.48,1
1297,0.03,0
1298,0.15,1
1299,4.91,4
1300,0.9,1
1301,0.63,2
1302,1.01,0
1303,0.93,0
1304,0.91,0
1305,0.95,3
1306,1.06,1
1307,0.96,0
1308,0.74,3
1309,1.86,1
1310,0.9,1
1311,0.57,0
1312,0.91,1
1313,0.91,2
1314,0.9,0
1315,0.9,0
1316,0.9,2
1317,0.2,0
1318,0.13,1
1319,0.04,0
1320,7.31,10
1321,5.65,8
1322,0.03,0
1323,0.52,0
1324,0.83,0
1325,2,0
1326,8.74,11
1327,0.08,0
1328,1.06,1
1329,0.78,1
1330,0.28,0
1331,2.01,4
1332,0.47,0
1333,1.71,0
1334,3.24,2
1335,0.13,0
1336,0.2,2
1337,1.09,0
1338,0.65,0
1339,0.03,0
1340,0.05,0
1341,2.49,0
1342,0.26,0
1343,0.45,0
1344,0.24,0
1345,7.32,5
1346,1.88,1
1347,0.64,0
1348,0.2,0
1349,0.43,0
1350,1.02,2
1351,0.9,1
1352,2.46,1
1353,0.15,0
1354,0.92,1
1355,0.92,1
1356,0.12,0
1357,0.18,0
1358,0.9,0
1359,0.92,2
1360,0.6,0
1361,0.11,0
1362,1.74,2
1363,0.02,0
1364,0.04,0
1365,1.05,1
1366,1.57,0
1367,1.24,1
1368,1.19,2
1369,1.2,1
1370,1.21,2
1371,3.23,5
1372,0.03,0
1373,0.04,0
1374,0.17,0
1375,0.01,0
1376,1.11,2
1377,0.89,3
1378,0.9,2
1379,1.02,1
1380,2.86,0
1381,0.55,0
1382,0.95,1
1383,1.07,0
1384,0.9,0
1385,0.86,1
1386,0.92,0
1387,1.1,0
1388,0.73,1
1389,1.96,1
1390,0.04,0
1391,0.91,1
1392,1.87,1
1393,2.49,1
1394,0.76,0
1395,0.06,0
1396,0.02,0
1397,0.9,0
1398,0.91,0
1399,0.89,3
1400,1.37,3
1401,1.41,0
1402,1.02,1
1403,2.54,2
1404,0.41,0
1405,4.1,2
1406,0.48,1
1407,2.51,1
1408,0.7,1
1409,0.41,0
1410,0.06,1
1411,1.17,1
1412,0.15,0
1413,0.91,0
1414,1.48,2
1415,0.01,1
1416,0.03,0
1417,0.01,0
1418,1,0
1419,0.1,0
1420,0.31,0
1421,0.04,0
1422,0.03,0
1423,0.27,0
1424,0.91,3
1425,0.91,1
1426,0.9,0
1427,0.91,0
1428,0.91,3
1429,0.87,3
1430,0.03,1
1431,0.04,0
1432,0.37,2
1433,0.13,0
1434,0.56,0
1435,0.05,0
1436,3.75,2
1437,1.25,1
1438,1.25,1
1439,1.01,0
1440,1.93,0
1441,0.44,2
1442,1.24,1
1443,0.05,0
1444,0.95,2
1445,0.24,4
1446,0.17,0
1447,0.06,0
1448,0.55,2
1449,0.43,0
1450,0.65,1
1451,0.38,2
1452,0.37,0
1453,5.55,21
1454,0.01,0
1455,2.28,7
1456,1.7,2
1457,0.11,0
1458,0.21,0
1459,0.57,3
1460,0.74,0
1461,0.04,0
1462,0.48,4
1463,1.33,3
1464,0.89,1
1465,2.3,10
1466,1.29,2
1467,0.39,1
1468,0.67,2
1469,1.01,0
1470,0.32,0
1471,1.3,11
1472,0.9,3
1473,1.88,5
1474,0.88,3
1475,0.89,4
1476,0.16,0
1477,0.08,0
1478,1.47,4
1479,1.04,1
1480,3.79,8
1481,0.03,0
1482,0.13,0
1483,0.85,3
1484,0.97,2
1485,0.64,4
1486,0.89,5
1487,1.35,10
1488,1.76,8
1489,0.02,0
1490,0.89,3
1491,0.05,0
1492,0.09,0
1493,1.68,9
1494,0.04,0
1495,0.92,4
1496,0.15,1
1497,0.14,0
1498,0.18,1
1499,0.13,0
1500,2.87,38
1501,0.2,0
1502,3.04,0
1503,1.67,0
1504,2.09,0
1505,10.6,3
1506,0.3,0
1507,1.93,2
1508,0.92,4
1509,1,1
1510,0.2,0
1511,0.02,0
1512,0.41,0
1513,0.87,0
1514,0.89,0
1515,5.22,0
1516,2.7,1
1517,0.41,0
1518,0.43,0
1519,0.69,0
1520,1.17,0
1521,0.15,0
1522,0.31,0
1523,0.4,1
1524,1.17,0
1525,1.65,2
1526,1.36,0
1527,0.32,1
1528,0.89,0
1529,0.85,0
1530,0.86,0
1531,1.85,0
1532,0.74,0
1533,0.9,0
1534,0.91,0
1535,1.88,0
1536,0.91,0
1537,5.07,2
1538,0.32,0
1539,4.94,1
1540,1.19,1
1541,0.37,0
1542,0.76,0
1543,5.43,1
1544,0.26,0
1545,1.64,0
1546,2.28,1
1547,1.51,0
1548,3.96,0
1549,0.65,0
1550,0.91,0
1551,1.91,1
1552,0.9,0
1553,0.93,1
1554,0.16,0
1555,0.91,0
1556,0.88,0
1557,0.91,2
1558,0.88,0
1559,0.93,0
1560,0.88,0
1561,0.09,0
1562,0.71,1
1563,3.38,1
1564,3.48,0
1565,2.92,0
1566,0.95,1
1567,2.3,1
1568,0.94,0
1569,0.86,0
1570,0.99,2
1571,0.55,0
1572,2.16,1
1573,0.93,0
1574,1.22,0
1575,2.28,0
1576,0.79,0
1577,2.14,1
1578,1.41,0
1579,0.1,0
1580,7.33,1
1581,0.03,0
1582,1.98,6
1583,0.9,1
1584,0.42,0
1585,0.6,1
1586,1.81,0
1587,3.26,0
1588,1.22,0
1589,1.96,2
1590,4.28,2
1591,0.53,1
1592,6.17,4
1593,0.86,0
1594,0.89,0
1595,1.3,0
1596,1.1,0
1597,1.07,0
1598,0.93,0
1599,0.89,0
1600,0.14,0
1601,0.64,0
1602,4.01,3
1603,0.71,1
1604,0.91,0
1605,2.76,0
1606,4.74,2
1607,6.58,4
1608,2.02,1
1609,0.85,0
1610,1.19,0
1611,0.99,0
1612,0.05,0
1613,1.22,2
1614,2.93,4
1615,1.98,1
1616,3.27,1
1617,2.24,0
1618,1.65,0
1619,0.15,0
1620,0.9,1
1621,0.9,0
1622,0.9,0
1623,3.86,0
1624,1.08,0
1625,0.9,0
1626,0.91,0
1627,0.91,0
1628,0.9,0
1629,0.78,1
1630,0.91,0
1631,0.91,0
1632,0.9,0
1633,0.02,0
1634,0.8,0
1635,1.13,0
1636,0.9,0
1637,0.9,0
1638,0.08,0
1639,0.01,0
1640,6.46,3
1641,0.64,1
1642,1.35,1
1643,0.31,0
1644,0.99,0
1645,0.93,0
1646,2.02,3
1647,3.83,0
1648,0.65,0
1649,0.68,0
1650,4.26,2
1651,0.92,0
1652,0.47,0
1653,1.1,1
1654,0.65,0
1655,2.22,1
1656,0.63,0
1657,1.96,2
1658,1.91,1
1659,2.62,4
1660,0.39,0
1661,0.77,0
1662,0.73,0
1663,0.9,0
1664,0.9,0
1665,0.49,0
1666,0.12,0
1667,0.98,1
1668,0.29,1
1669,0.83,0
1670,2.63,3
1671,0.69,1
1672,1.31,1
1673,1.29,1
1674,0.3,0
1675,1.91,1
1676,0.91,0
1677,1.39,0
1678,0.04,0
1679,1.42,2
1680,3.05,1
1681,2.49,2
1682,0.05,0
1683,1.02,0
1684,0.49,3
1685,0.92,1
1686,0.91,0
1687,0.29,0
1688,0.92,0
1689,0.09,0
1690,1.74,1
1691,0.53,1
1692,0.93,2
1693,0.91,1
1694,0.99,0
1695,3.33,1
1696,1.08,1
1697,1.22,1
1698,0.15,0
1699,0.4,0
1700,0.46,0
1701,2.71,5
1702,0.57,1
1703,2.98,3
1704,2.03,2
1705,0.91,1
1706,0.91,0
1707,0.76,0
1708,0.55,0
1709,0.89,1
1710,0.88,0
1711,0.9,0
1712,0.88,0
1713,0.9,0
1714,0.07,0
1715,3.5,4
1716,0.92,1
1717,0.89,0
1718,0.91,0
1719,0.95,1
1720,0.87,1
1721,0.24,0
1722,0.9,1
1723,0.9,0
1724,1.41,0
1725,0.39,0
1726,1.89,2
1727,0.9,1
1728,0.4,1
1729,1.4,1
1730,0.91,1
1731,1.94,2
1732,1.42,0
1733,0.49,0
1734,0.31,0
1735,0.61,0
1736,0.62,0
1737,0.91,0
1738,0.87,1
1739,0.39,0
1740,0.39,0
1741,1.22,0
1742,0.4,0
1743,0.02,0
1744,1.09,0
1745,0.81,0
1746,0.16,0
1747,1.26,0
1748,1.01,1
1749,0.86,0
1750,1.47,0
1751,0.14,0
1752,0.45,0
1753,0.5,0
1754,1.3,0
1755,1.32,0
1756,0.93,0
1757,0.12,0
1758,1.02,0
1759,0.03,0
1760,1.83,0
1761,0.96,1
1762,1.24,1
1763,0.33,0
1764,0.37,0
1765,1.35,1
1766,0.42,0
1767,0.4,0
1768,0.66,0
1769,1.66,1
1770,0.66,0
1771,0.21,0
1772,0.92,0
1773,0.89,0
1774,0.05,0
1775,1.97,3
1776,0.43,0
1777,0.91,0
1778,1.45,0
1779,0.08,0
1780,0.89,0
1781,2.81,0
1782,2.92,1
1783,4.07,1
1784,0.91,1
1785,0.13,0
1786,0.9,0
1787,0.86,0
1788,0.44,0
1789,1.92,1
1790,0.89,0
1791,1.91,1
1792,0.92,0
1793,0.93,1
1794,0.91,0
1795,0.32,0
1796,0.79,2
1797,0.89,0
1798,1.64,1
1799,1.91,0
1800,0.9,1
1801,0.49,0
1802,2.03,0
1803,2.05,2
1804,0.98,0
1805,2.09,0
1806,2.4,0
1807,1.42,0
1808,1.21,1
1809,3.75,5
1810,3.43,0
1811,2.95,1
1812,2.1,2
1813,2.66,2
1814,0.39,0
1815,0.28,0
1816,0.05,0
1817,0.78,0
1818,1.41,3
1819,1.55,1
1820,2.72,2
1821,0.25,0
1822,0.07,0
1823,0.11,0
1824,1.07,0
1825,0.06,0
1826,0.9,0
1827,0.34,0
1828,3.46,3
1829,0.2,0
1830,0.01,0
1831,3.9,1
1832,0.87,1
1833,1.92,0
1834,1.9,0
1835,1.92,1
1836,1.03,1
1837,1.92,2
1838,1.83,1
1839,4.9,3
1840,1.93,2
1841,0.04,0
1842,0.36,0
1843,0.72,1
1844,1.06,1
1845,3.95,1
1846,0.11,0
1847,0.32,1
1848,0.05,0
1849,0.9,0
1850,0.15,1
1851,0.35,1
1852,1.91,2
1853,0.5,0
1854,2.54,1
1855,3.67,1
1856,0.49,1
1857,0.15,2
1858,0.9,1
1859,1.4,1
1860,1.41,1
1861,0.89,0
1862,1.4,0
1863,2.49,3
1864,3.08,0
1865,2.77,4
1866,1.88,0
1867,1.11,0
1868,1.28,1
1869,0.09,0
1870,0.08,0
1871,0.8,2
1872,0.34,0
1873,2.09,0
1874,0.49,0
1875,0.4,0
1876,0.36,0
1877,0.46,0
1878,1.61,0
1879,1.23,2
1880,1.74,1
1881,0.24,0
1882,0.52,1
1883,1.84,0
1884,3.31,2
1885,0.69,0
1886,4.27,5
1887,2.28,1
1888,5.24,9
1889,0.81,1
1890,0.9,0
1891,0.81,0
1892,0.77,0
1893,0.55,3
1894,3.95,0
1895,0.04,0
1896,0.32,0
1897,0.9,1
1898,3.18,3
1899,1.91,2
1900,0.42,0
1901,0.8,0
1902,0.76,0
1903,2.1,2
1904,1.02,1
1905,0.8,0
1906,0.93,1
1907,0.35,0
1908,3.5,4
1909,0.34,0
1910,0.04,0
1911,0.45,0
1912,0.9,1
1913,2.77,0
1914,0.16,0
1915,0.91,1
1916,0.89,0
1917,2,2
1918,0.18,1
1919,1.01,0
1920,0.9,0
1921,1.95,1
1922,0.4,1
1923,0.4,2
1924,0.22,0
1925,0.7,1
1926,0.31,1
1927,0.45,1
1928,0.9,3
1929,0.91,0
1930,0.43,0
1931,1.78,1
1932,0.4,0
1933,0.79,1
1934,1.9,7
1935,0.01,0
1936,0.91,2
1937,0.9,2
1938,0.92,1
1939,0.85,1
1940,0.26,1
1941,0.92,2
1942,0.38,0
1943,0.46,0
1944,1.08,0
1945,0.18,0
1946,0.13,0
1947,0.1,0
1948,0.51,0
1949,2.5,3
1950,0.1,0
1951,0.36,0
1952,0.05,0
1953,0.05,0
1954,0.85,0
1955,0.07,1
1956,0.47,0
1957,0.74,0
1958,0.41,0
1959,1.37,3
1960,0.39,1
1961,0.03,0
1962,0.91,0
1963,0.92,1
1964,0.44,0
1965,0.98,0
1966,0.96,0
1967,0.96,0
1968,0.19,0
1969,0.49,0
1970,1.17,1
1971,0.36,2
1972,2.16,1
1973,1.1,2
1974,0.34,0
1975,0.91,2
1976,0.9,1
1977,0.15,0
1978,0.1,0
1979,0.26,0
1980,0.15,0
1981,0.38,0
1982,0.94,0
1983,0.83,0
1984,1.55,0
1985,0.69,2
1986,0.03,0
1987,0.39,0
1988,0.41,0
1989,0.41,0
1990,0.25,0
1991,0.43,0
1992,1.15,0
1993,1.17,1
1994,0.02,0
1995,0.07,0
1996,1.35,0
1997,0.02,0
1998,0.08,0
1999,1.91,0
2000,1.02,2
2001,0.72,1
2002,0.43,0
2003,0.09,0
2004,0.17,1
2005,2.91,4
2006,0.9,0
2007,0.9,0
2008,0.9,0
2009,1,1
2010,0.12,0
2011,1.39,2
2012,0.03,0
2013,0.07,1
2014,0.67,0
2015,0.03,0
2016,0.28,0
2017,4.68,1
2018,4.53,5
2019,0.34,1
2020,1.45,0
2021,1.42,2
2022,0.7,1
2023,0.47,0
2024,0.67,4
2025,0.17,0
2026,1.29,0
2027,1.77,4
2028,1.35,3
2029,1.53,5
2030,1.22,0
2031,0.18,0
2032,0.05,0
2033,0.01,0
2034,2.98,1
2035,1.76,2
2036,2.48,3
2037,2.09,2
2038,3.13,4
2039,3.52,0
2040,6.1,7
2041,0.27,0
2042,3.14,1
2043,0.02,0
2044,2.15,1
2045,0.09,0
2046,1.69,0
2047,0.92,3
2048,0.89,0
2049,0.91,0
2050,0.9,0
2051,0.74,0
2052,0.92,2
2053,0.84,0
2054,0.01,1
2055,0.16,1
2056,0.17,0
2057,0.91,0
2058,2.32,0
2059,5.65,0
2060,0.14,0
2061,0.15,3
2062,0.33,0
2063,0.68,1
2064,1.61,2
2065,0.4,0
2066,0.9,0
2067,0.02,0
2068,1.93,2
2069,0.86,1
2070,0.42,2
2071,0.73,1
2072,0.91,0
2073,0.89,1
2074,1.96,1
2075,1.6,1
2076,1.15,1
2077,0.88,0
2078,0.17,0
2079,0.37,0
2080,0.9,0
2081,0.38,0
2082,0.4,2
2083,0.23,0
2084,0.86,0
2085,0.9,0
2086,0.9,0
2087,0.42,0
2088,0.92,0
2089,0.56,0
2090,0.9,0
2091,0.59,1
2092,0.4,0
2093,0.96,0
2094,0.91,0
2095,0.25,0
2096,0.3,0
2097,0.93,0
2098,0.5,0
2099,0.26,0
2100,0.42,1
2101,0.63,0
2102,1.03,1
2103,0.91,1
2104,1.42,4
2105,0.68,2
2106,0.93,1
2107,0.89,2
2108,5.76,8
2109,0.67,0
2110,0.18,0
2111,0.53,3
2112,0.92,2
2113,0.89,0
2114,0.75,3
2115,0.05,0
2116,0.1,0
2117,0.1,1
2118,0.05,1
2119,0.19,0
2120,1.7,0
2121,1.82,0
2122,5.94,7
2123,0.26,0
2124,0.11,0
2125,0.39,0
2126,0.02,0
2127,0.52,0
2128,0.01,0
2129,0.86,0
2130,0.9,4
2131,0.46,0
2132,8.1,7
2133,1.11,0
2134,0.91,0
2135,1.9,2
2136,4.72,4
2137,1.95,1
2138,1.96,0
2139,0.92,0
2140,2.81,2
2141,0.89,0
2142,0.05,0
2143,0.45,2
2144,2.07,1
2145,0.58,0
2146,0.25,0
2147,0.04,0
2148,0.8,2
2149,0.38,0
2150,2.3,0
2151,2.98,2
2152,0.29,0
2153,1.43,5
2154,3.38,2
2155,1.57,1
2156,4.52,7
2157,1.17,1
2158,2.11,2
2159,0.05,0
2160,0.57,0
2161,0.59,0
2162,0.52,0
2163,0.13,0
2164,1.13,0
2165,0.26,0
2166,1.06,2
2167,1.04,0
2168,0.39,0
2169,1,0
2170,0.39,0
2171,0.04,0
2172,0.75,2
2173,0.93,1
2174,0.75,0
2175,0.19,1
2176,0.61,0
2177,0.03,0
2178,1.18,0
2179,0.42,0
2180,4.63,7
2181,0.9,2
2182,0.44,0
2183,0.93,2
2184,0.88,0
2185,0.87,0
2186,0.88,4
2187,0.36,0
2188,0.83,2
2189,1.93,0
2190,0.9,0
2191,0.94,0
2192,1.9,1
2193,1.27,1
2194,0.56,1
2195,0.48,0
2196,1.26,1
2197,0.6,0
2198,1.37,3
2199,0.9,0
2200,0.93,0
2201,0.9,0
2202,0.91,1
2203,0.89,3
2204,0.5,2
2205,0.43,1
2206,1.45,2
2207,0.65,0
2208,7.11,8
2209,8.8,18
2210,0.35,1
2211,0.07,1
2212,0.81,1
2213,3.3,7
2214,0.48,0
2215,0.29,0
2216,0.15,0
2217,0.51,1
2218,0.29,2
2219,0.91,0
2220,0.87,1
2221,1.9,0
2222,0.91,2
2223,0.9,0
2224,0.9,0
2225,0.46,0
2226,0.84,1
2227,1.92,3
2228,0.96,1
2229,0.96,0
2230,1.03,2
2231,0.41,0
2232,0.4,2
2233,0.53,1
2234,3.31,3
2235,0.97,1
2236,0.94,0
2237,0.3,0
2238,0.88,1
2239,0.61,1
2240,1.4,1
2241,0.7,1
2242,0.9,3
2243,1.76,0
2244,2.4,2
2245,0.57,0
2246,1.45,2
2247,0.92,2
2248,0.91,0
2249,0.93,1
2250,0.26,1
2251,0.03,0
2252,0.32,0
2253,2.32,2
2254,0.33,1
2255,1.41,6
2256,0.82,1
2257,1.32,4
2258,0.8,3
2259,0.3,0
2260,0.77,0
2261,0.52,0
2262,1.95,0
2263,1.03,0
2264,1.2,1
2265,2.14,3
2266,3.24,1
2267,1.52,0
2268,0.31,0
2269,0.75,3
2270,0.06,0
2271,0.66,0
2272,0.52,0
2273,0.27,1
2274,1.16,3
2275,0.89,2
2276,0.42,0
2277,0.26,1
2278,0.47,1
2279,0.55,1
2280,0.16,0
2281,0.09,1
2282,0.88,1
2283,0.46,2
2284,1.44,4
2285,1.41,1
2286,3,4
2287,1.21,3
2288,0.74,0
2289,2.99,6
2290,3.66,1
2291,1.12,3
2292,1.35,0
2293,0.91,2
2294,0.9,0
2295,0.31,2
2296,0.61,0
2297,0.04,0
2298,0.12,0
2299,0.16,0
2300,0.02,0
2301,0.21,1
2302,0.77,3
2303,0.04,0
2304,2.82,2
2305,1.09,1
2306,1.88,0
2307,0.17,0
2308,0.38,0
2309,1.12,3
2310,0.02,1
2311,0.02,0
2312,0.94,3
2313,1.03,1
2314,1.54,2
2315,0.89,1
2316,1.89,2
2317,0.9,0
2318,1.92,0
2319,0.01,0
2320,0.02,0
2321,0.09,0
2322,0.01,0
2323,0.03,0
2324,0.01,0
2325,0.75,1
2326,0.92,0
2327,0.93,0
2328,0.47,2
2329,0.1,0
2330,2.56,3
2331,1.92,2
2332,1.32,0
2333,1.58,3
2334,0.44,0
2335,0.62,0
2336,1.15,1
2337,1.86,2
2338,1.26,0
2339,1.14,2
2340,0.07,0
2341,1.5,0
2342,0.08,0
2343,0.15,0
2344,0.16,1
2345,0.5,0
2346,0.13,0
2347,0.57,2
2348,0.9,0
2349,2.49,12
2350,1.3,1
2351,2.45,1
2352,0.95,1
2353,0.19,0
2354,0.96,0
2355,0.85,0
2356,1.4,1
2357,0.96,1
2358,0.02,0
2359,0.07,0
2360,0.4,1
2361,0.31,1
2362,1.04,0
2363,1.08,3
2364,0.02,0
2365,0.25,0
2366,0.93,0
2367,0.89,2
2368,0.92,1
2369,0.9,1
2370,0.88,1
2371,3.59,0
2372,0.43,0
2373,3.2,2
2374,0.9,1
2375,0.91,2
2376,0.71,2
2377,0.44,0
2378,0.91,1
2379,0.05,0
2380,0.68,0
2381,0.9,2
2382,0.88,2
2383,1.92,6
2384,1.01,2
2385,0.73,0
2386,0.44,1
2387,0.43,2
2388,0.71,1
2389,0.94,1
2390,0.03,0
2391,0.4,0
2392,0.4,0
2393,0.52,0
2394,0.27,0
2395,0.4,0
2396,1.92,1
2397,1.1,2
2398,2.9,2
2399,0.9,0
2400,1.25,1
2401,0.91,1
2402,0.79,2
2403,1.39,1
2404,1.8,1
2405,1.62,0
2406,0.49,0
2407,0.31,0
2408,1.23,3
2409,0.54,0
2410,0.92,2
2411,0.92,0
2412,0.61,0
2413,0.89,0
2414,0.48,0
2415,0.13,0
2416,1.3,1
2417,1.69,3
2418,0.16,0
2419,2.53,5
2420,2.42,3
2421,0.91,1
2422,1.4,4
2423,0.76,0
2424,0.04,0
2425,0.02,0
2426,0.44,1
2427,0.54,0
2428,0.42,0
2429,0.47,1
2430,0.41,0
2431,0.82,2
2432,0.07,0
2433,0.29,1
2434,0.05,0
2435,0.4,0
2436,2.05,6
2437,0.48,0
2438,1.05,0
2439,0.12,0
2440,0.06,1
2441,0.04,0
2442,6.4,6
2443,0.02,0
2444,0.69,3
2445,0.7,1
2446,1.55,1
2447,0.45,0
2448,0.42,2
2449,0.25,0
2450,0.38,1
2451,0.46,0
2452,0.97,0
2453,0.41,0
2454,0.64,1
2455,0.92,2
2456,0.91,1
2457,0.91,0
2458,0.92,0
2459,0.91,0
2460,0.48,0
2461,1.3,2
2462,1.95,1
2463,0.56,2
2464,0.64,1
2465,0.84,1
2466,1.01,2
2467,0.43,0
2468,0.41,0
2469,0.04,0
2470,0.05,0
2471,0.94,2
2472,0.8,1
2473,0.02,0
2474,0.22,0
2475,0.87,3
2476,0.02,0
2477,0.53,2
2478,1.71,2
2479,0.01,0
2480,0.01,0
2481,0.61,0
2482,2.04,1
2483,1.09,2
2484,0.2,1
2485,0.6,0
2486,0.81,1
2487,0.54,0
2488,1.04,2
2489,2.02,1
2490,0.05,0
2491,0.46,2
2492,1.01,2
2493,0.88,0
2494,1.84,0
2495,0.92,2
2496,0.53,0
2497,1.84,1
2498,0.75,0
2499,3.51,0
2500,0.04,0
2501,0.12,0
2502,0.02,1
2503,0.58,0
2504,0.93,0
2505,0.9,1
2506,0.91,1
2507,0.41,0
2508,0.39,0
2509,0.41,0
2510,0.42,0
2511,0.28,0
2512,0.48,0
2513,0.47,1
2514,0.24,0
2515,0.04,0
2516,2.03,0
2517,1.91,1
2518,0.01,0
2519,0.64,0
2520,0.15,0
2521,0.28,0
2522,0.52,0
2523,0.46,0
2524,0.25,0
2525,2.69,4
2526,0.11,0
2527,2.62,1
2528,0.2,0
2529,3.87,4
2530,4.72,14
2531,1.97,6
2532,0.39,1
2533,1.85,4
2534,0.85,1
2535,0.86,0
2536,1.91,6
2537,0.81,2
2538,2.77,1
2539,1.4,1
2540,1.41,1
2541,0.4,2
2542,2.02,4
2543,1.4,3
2544,0.35,0
2545,1.91,1
2546,2.92,2
2547,0.92,0
2548,0.89,0
2549,4.86,3
2550,0.55,0
2551,0.98,1
2552,0.36,0
2553,0.04,0
2554,0.02,0
2555,0.13,0
2556,5.31,2
2557,1.45,1
2558,0.97,4
2559,0.38,0
2560,0.91,1
2561,0.83,0
2562,5.19,12
2563,1.91,3
2564,1.38,4
2565,0.01,0
2566,0.86,1
2567,0.13,0
2568,0.17,0
2569,0.23,0
2570,1.76,0
2571,1.26,2
2572,0.29,1
2573,0.24,0
2574,0.28,0
2575,0.02,0
2576,0.39,0
2577,0.21,0
2578,0.09,0
2579,0.02,0
2580,0.03,0
2581,0.59,1
2582,0.86,0
2583,0.72,0
2584,0.63,0
2585,0.29,0
2586,0.44,0
2587,2.46,1
2588,0.01,0
2589,0.01,0
2590,0.02,0
2591,0.35,0
2592,0.04,0
2593,0.16,1
2594,0.58,0
2595,0.44,0
2596,0.75,2
2597,0.72,0
2598,2.95,3
2599,0.08,0
2600,0.91,0
2601,0.38,1
2602,0.34,1
2603,0.68,0
2604,0.25,1
2605,0.9,0
2606,0.9,2
2607,0.12,0
2608,1.91,2
2609,0.88,1
2610,0.9,1
2611,0.41,0
2612,0.41,1
2613,0.07,2
2614,0.6,1
2615,0.63,0
2616,0.2,0
2617,1.42,1
2618,0.4,0
2619,0.94,1
2620,0.9,1
2621,0.5,1
2622,0.32,0
2623,0.42,0
2624,0.86,1
2625,0.76,1
2626,3.48,6
2627,0.57,1
2628,0.59,0
2629,0.27,0
2630,0.23,1
2631,0.08,0
2632,0.15,1
2633,0.23,0
2634,5.5,9
2635,0.71,1
2636,1.4,2
2637,0.39,0
2638,0.41,2
2639,0.13,0
2640,0.66,0
2641,0.17,0
2642,0.58,1
2643,0.3,0
2644,0.52,2
2645,0.29,0
2646,0.07,0
2647,0.56,0
2648,0.26,1
2649,0.64,3
2650,0.34,0
2651,0.04,1
2652,0.04,1
2653,0.21,1
2654,1.17,1
2655,0.31,0
2656,0.06,0
2657,0.15,0
2658,0.2,0
2659,0.13,0
2660,0.01,0
2661,0.9,1
2662,0.9,0
2663,0.42,0
2664,0.81,3
2665,0.9,0
2666,0.49,0
2667,0.55,0
2668,1.05,2
2669,0.76,0
2670,1.47,3
2671,1.01,1
2672,0.92,0
2673,0.89,1
2674,0.89,0
2675,1.95,1
2676,0.52,0
2677,0.29,0
2678,1.2,1
2679,0.44,1
2680,0.04,0
2681,0.1,0
2682,0.84,1
2683,0.89,1
2684,0.52,2
2685,0.28,1
2686,1.9,2
2687,0.01,0
2688,0.1,0
2689,0.41,2
2690,0.89,2
2691,2.91,3
2692,0.9,1
2693,0.9,0
2694,0.35,0
2695,0.28,0
2696,0.88,2
2697,0.91,2
2698,0.91,0
2699,0.17,0
2700,0.91,3
2701,0.91,3
2702,0.89,0
2703,0.89,2
2704,0.69,1
2705,0.94,0
2706,0.95,0
2707,0.91,2
2708,0.89,0
2709,0.31,0
2710,1.92,5
2711,0.01,0
2712,0.91,1
2713,0.91,0
2714,0.89,1
2715,0.89,1
2716,0.91,1
2717,0.89,1
2718,2.83,10
2719,1.07,1
2720,0.39,0
2721,0.01,0
2722,1.73,4
2723,2.34,3
2724,0.88,2
2725,0.78,1
2726,0.49,0
2727,2.21,0
2728,0.33,2
2729,0.96,2
2730,0.91,4
2731,0.91,2
2732,0.12,0
2733,0.47,0
2734,0.22,0
2735,1.29,0
2736,0.97,0
2737,0.11,0
2738,1.14,1
2739,1.66,1
2740,0.03,0
2741,0.01,0
2742,0.04,0
2743,0.03,0
2744,0.93,0
2745,0.05,0
2746,0.04,1
2747,1.69,0
2748,0.24,0
2749,0.16,0
2750,0.19,0
2751,0.14,0
2752,0.2,0
2753,0.62,1
2754,0.56,0
2755,1.54,1
2756,0.46,2
2757,1.48,2
2758,1.82,0
2759,1.84,1
2760,6.4,11
2761,1.64,2
2762,2.17,4
2763,0.48,0
2764,2.81,11
2765,0.95,2
2766,0.44,0
2767,0.02,0
2768,0.02,0
2769,0.06,0
2770,0.9,0
2771,0.9,1
2772,0.37,0
2773,0.29,0
2774,1.28,2
2775,1.75,4
2776,0.13,0
2777,0.17,0
2778,0.48,0
2779,1.59,1
2780,0.11,0
2781,0.65,1
2782,0.44,1
2783,1.06,1
2784,0.36,0
2785,0.16,1
2786,2.09,3
2787,1.34,2
2788,0.91,1
2789,0.9,0
2790,0.92,0
2791,1.11,3
2792,0.09,0
2793,0.9,1
2794,0.46,0
2795,0.41,0
2796,0.39,0
2797,0.91,0
2798,0.11,0
2799,0.79,1
2800,0.56,1
2801,0.11,0
2802,0.77,2
2803,1.54,3
2804,0.1,1
2805,0.53,0
2806,1.4,4
2807,0.44,1
2808,0.19,2
2809,1.09,5
2810,0.19,2
2811,0.13,2
2812,0.33,1
2813,1.45,1
2814,1.89,2
2815,0.03,0
2816,0.04,0
2817,0.99,2
2818,2.55,3
2819,2.16,3
2820,0.19,0
2821,3.37,1
2822,9.44,8
2823,0.94,2
2824,0.45,0
2825,0.14,0
2826,0.9,0
2827,0.9,0
2828,0.26,0
2829,0.9,2
2830,0.89,3
2831,0.03,0
2832,2.08,6
2833,0.05,1
2834,5.85,19
2835,0.83,2
2836,0.4,0
2837,0.47,1
2838,0.01,0
2839,0.9,1
2840,0.77,1
2841,0.93,0
2842,0.92,2
2843,0.37,0
2844,0.91,1
2845,0.61,0
2846,0.05,0
2847,0.94,4
2848,0.16,1
2849,0.16,0
2850,0.1,0
2851,0.57,0
2852,0.02,0
2853,0.05,0
2854,1.44,0
2855,0.03,0
2856,0.21,0
2857,0.02,0
2858,0.41,0
2859,0.36,1
2860,0.32,3
2861,0.02,0
2862,0.04,0
2863,0.02,0
2864,0.13,1
2865,3.36,6
2866,0.24,0
2867,1.75,4
2868,1.91,6
2869,2.3,8
2870,0.06,0
2871,1.32,1
2872,0.27,1
2873,0.18,0
2874,0.57,1
2875,1.12,6
2876,0.15,0
2877,0.68,1
2878,0.16,0
2879,0.14,0
2880,0.29,0
2881,0.13,0
2882,0.07,0
2883,1.29,4
2884,0.09,0
2885,0.17,0
2886,0.29,1
2887,0.26,1
2888,0.28,0
2889,0.06,0
2890,0.05,0
2891,0.16,0
2892,0.03,0
2893,0.03,0
2894,0.01,0
2895,0.03,0
2896,0.02,0
2897,0.33,0
2898,2.08,4
2899,1.98,1
2900,1.61,1
2901,0.69,1
2902,0.21,0
2903,0.96,2
2904,0.01,0
2905,0.75,0
2906,0.58,4
2907,0.34,0
2908,0.49,4
2909,0.53,1
2910,0.42,0
2911,1.39,2
2912,0.32,3
2913,2.38,3
2914,0.05,0
2915,0.06,1
2916,0.23,1
2917,0.6,1
2918,0.36,0
2919,0.94,2
2920,0.03,0
2921,0.08,0
2922,0.86,1
2923,0.9,2
2924,0.65,0
2925,1.1,0
2926,0.43,1
2927,0.77,0
2928,1.53,2
2929,0.42,0
2930,0.83,4
2931,0.4,0
2932,0.12,0
2933,0.02,0
2934,0.95,2
2935,0.89,0
2936,0.95,0
2937,0.15,0
2938,0.76,1
2939,0.19,0
2940,0.01,0
2941,0.58,0
2942,0.38,1
2943,0.41,0
2944,0.02,0
2945,0.3,0
2946,0.01,0
2947,0.66,2
2948,0.1,0
2949,0.09,0
2950,0.14,0
2951,0.15,0
2952,1.07,5
2953,0.08,1
2954,0.79,2
2955,0.34,0
2956,0.25,0
2957,0.06,0
2958,0.78,1
2959,0.18,0
2960,1.11,0
2961,2.72,1
2962,0.65,1
2963,3.92,4
2964,0.69,1
2965,1.55,1
2966,0.4,0
2967,0.42,3
2968,1.29,3
2969,0.13,0
2970,0.2,0
2971,0.39,3
2972,0.92,3
2973,0.14,0
2974,0.42,1
2975,0.88,1
2976,0.92,4
2977,1.5,0
2978,0.91,0
2979,0.4,1
2980,0.88,1
2981,0.16,1
2982,0.31,1
2983,0.08,0
2984,0.03,0
2985,1.42,1
2986,0.05,0
2987,0.03,1
2988,0.26,1
2989,0.02,0
2990,0.58,0
2991,0.03,0
2992,0.03,0
2993,0.01,0
2994,1.57,1
2995,0.37,1
2996,1,3
2997,1.93,1
2998,0.92,0
2999,0.27,0
3000,0.7,0
3001,0.65,2
3002,0.14,0
3003,0.22,1
3004,0.06,1
3005,1.73,3
3006,0.18,0
3007,0.03,0
3008,1.42,2
3009,1.88,5
3010,0.4,1
3011,0.65,1
3012,1.1,1
3013,1.16,4
3014,0.59,1
3015,1.46,5
3016,1.31,3
3017,0.73,0
3018,0.09,0
3019,0.57,2
3020,0.34,0
3021,1.11,0
3022,0.95,0
3023,2.03,0
3024,0.09,0
3025,0.97,3
3026,0.79,1
3027,0.11,2
3028,0.11,0
3029,0.8,2
3030,0.07,0
3031,0.23,0
3032,0.31,1
3033,0.7,0
3034,0.94,2
3035,0.8,5
3036,0.16,0
3037,0.64,3
3038,0.09,1
3039,0.11,2
3040,0.19,2
3041,0.22,0
3042,1.39,6
3043,2.57,3
3044,0.01,0
3045,0.91,2
3046,0.91,2
3047,1.59,1
3048,1.11,3
3049,0.44,1
3050,0.85,3
3051,0.55,4
3052,0.5,4
3053,1.22,4
3054,0.41,0
3055,0.89,2
3056,0.76,1
3057,0.78,1
3058,1.06,2
3059,0.39,0
3060,1.26,2
3061,4.18,1
3062,3.57,9
3063,0.04,0
3064,0.15,0
3065,2.37,8
3066,0.07,0
3067,0.15,0
3068,2.98,5
3069,0.9,2
3070,0.4,3
3071,0.75,2
3072,0.93,2
3073,0.94,0
3074,0.95,0
3075,0.94,1
3076,0.71,4
3077,1.11,2
3078,0.03,0
3079,0.05,0
3080,0.2,1
3081,0.23,1
3082,0.32,0
3083,0.03,0
3084,1.86,2
3085,0.91,1
3086,0.35,1
3087,0.55,2
3088,0.25,0
3089,0.91,2
3090,0.88,2
3091,0.2,0
3092,0.05,0
3093,0.26,0
3094,0.91,3
3095,0.04,0
3096,0.16,0
3097,0.9,0
3098,1.91,2
3099,0.89,2
3100,1.81,2
3101,1.93,1
3102,0.95,0
3103,0.1,0
3104,0.89,0
3105,0.67,1
3106,0.97,1
3107,0.16,0
3108,0.79,0
3109,0.64,2
3110,0.59,0
3111,0.03,0
3112,0.9,1
3113,0.07,1
3114,0.17,2
3115,0.9,4
3116,0.17,1
3117,0.4,0
3118,0.09,0
3119,0.09,1
3120,0.11,0
3121,0.04,1
3122,0.84,2
3123,0.9,0
3124,0.97,0
3125,0.33,0
3126,0.26,0
3127,0.13,0
3128,0.1,1
3129,1.9,3
3130,0.24,1
3131,0.72,5
3132,0.97,6
3133,0.53,1
3134,0.02,0
3135,0.52,5
3136,1.48,7
3137,0.02,0
3138,0.81,3
3139,0.89,1
3140,1.12,2
3141,1.17,3
3142,0.21,0
3143,0.88,2
3144,1.93,2
3145,1.6,8
3146,0.26,0
3147,0.9,4
3148,1.25,5
3149,0.04,0
3150,0.37,1
3151,0.91,3
3152,0.82,1
3153,0.4,0
3154,0.4,1
3155,0.98,2
3156,0.01,0
3157,0.8,2
3158,0.9,2
3159,0.92,3
3160,0.23,0
3161,0.18,1
3162,1.14,2
3163,0.07,0
3164,0.96,2
3165,0.45,1
3166,0.93,1
3167,0.08,1
3168,0.14,0
3169,0.06,0
3170,0.42,2
3171,0.16,0
3172,0.16,1
3173,0.39,7
3174,2.86,9
3175,1.99,3
3176,0.71,2
3177,0.09,0
3178,0.47,3
3179,0.08,0
3180,0.07,0
3181,0.09,0
3182,0.14,0
3183,0.16,0
3184,0.12,0
3185,1.21,4
3186,7.5,13
3187,1.2,0
3188,0.25,2
3189,0.5,0
3190,0.33,2
3191,1.71,5
3192,0.99,1
3193,1.07,1
3194,0.53,1
3195,0.41,4
3196,0.39,1
3197,0.14,1
3198,0.22,0
3199,0.16,0
3200,0.03,0
3201,0.15,1
3202,0.37,1
3203,2.22,0
3204,0.37,0
3205,0.95,2
3206,1.16,3
3207,0.14,1
3208,0.52,2
3209,0.93,3
3210,0.27,0
3211,0.7,0
3212,1.19,4
3213,1.27,5
3214,0.63,2
3215,0.49,2
3216,0.37,2
3217,0.81,0
3218,0.35,1
3219,0.05,0
3220,0.22,0
3221,0.44,5
3222,0.42,1
3223,0.54,1
3224,10.43,31
3225,0.04,0
3226,0.01,0
3227,0.01,0
3228,0.03,0
3229,0.01,0
3230,0.2,0
3231,0.04,0
3232,2.75,5
3233,0.85,2
3234,0.03,0
3235,0.4,3
3236,0.92,1
3237,0.39,0
3238,0.14,0
3239,0.15,0
3240,1.34,1
3241,1.1,5
3242,1.97,3
3243,0.21,0
3244,0.59,5
3245,1.14,8
3246,0.9,3
3247,1.12,5
3248,0.36,0
3249,0.74,3
3250,0.67,1
3251,0.2,0
3252,1.16,1
3253,0.58,2
3254,0.5,0
3255,0.52,0
3256,0.43,2
3257,0.3,2
3258,0.19,0
3259,1.18,0
3260,1.84,3
3261,0.88,0
3262,1.98,2
3263,0.15,0
3264,1.94,4
3265,0.89,2
3266,0.66,1
3267,1.85,4
3268,0.66,2
3269,0.65,1
3270,0.93,1
3271,0.33,2
3272,0.83,3
3273,0.04,0
3274,0.49,2
3275,1.57,2
3276,0.18,1
3277,0.24,0
3278,0.97,2
3279,1.15,2
3280,0.4,3
3281,0.76,1
3282,0.9,1
3283,0.05,0
3284,0.16,0
3285,0.17,2
3286,0.16,2
3287,2.07,3
3288,0.14,2
3289,0.75,2
3290,0.21,0
3291,0.09,0
3292,0.06,0
3293,0.3,2
3294,0.39,1
3295,0.21,2
3296,0.65,2
3297,0.08,0
3298,0.28,0
3299,1.72,1
3300,0.18,0
3301,0.12,0
3302,1.01,5
3303,0.41,1
3304,0.9,3
3305,0.9,3
3306,1.13,4
3307,0.11,1
3308,0.74,5
3309,0.14,0
3310,0.96,1
3311,0.16,0
3312,0.91,4
3313,0.02,0
3314,1.62,11
3315,1.31,4
3316,1.34,5
3317,0.08,0
3318,0.02,0
3319,0.37,1
3320,0.1,0
3321,0.24,0
3322,0.23,1
3323,0.12,1
3324,0.04,0
3325,0.21,0
3326,0.6,2
3327,0.41,2
3328,0.07,0
3329,0.09,0
3330,0.06,0
3331,0.01,0
3332,0.81,1
3333,0.45,0
3334,0.44,0
3335,0.05,0
3336,0.99,0
3337,2.23,12
3338,0.24,0
3339,0.85,1
3340,0.94,1
3341,1.08,5
3342,2.9,6
3343,1.02,6
3344,0.75,1
3345,0.89,0
3346,0.9,2
3347,2.8,15
3348,0.56,1
3349,0.07,0
3350,0.06,0
3351,0.52,4
3352,0.18,2
3353,0.64,3
3354,1.53,4
3355,0.55,0
3356,0.54,0
3357,0.91,5
3358,1.52,2
3359,0.15,0
3360,6.22,15
3361,0.21,2
3362,1.38,5
3363,1.95,4
3364,0.98,3
3365,0.93,2
3366,0.79,2
3367,1,0
3368,0.42,2
3369,0.26,1
3370,0.93,0
3371,1.9,3
3372,0.35,3
3373,0.89,5
3374,1.22,2
3375,0.93,3
3376,0.17,0
3377,0.38,2
3378,0.04,0
3379,0.3,0
3380,0.64,0
3381,0.14,0
3382,0.67,5
3383,0.81,1
3384,0.65,0
3385,0.15,1
3386,0.89,0
3387,0.16,0
3388,0.9,2
3389,1.09,4
3390,1.91,1
3391,0.17,1
3392,0.23,1
3393,0.62,5
3394,2.92,5
3395,0.91,1
3396,0.92,6
3397,0.83,5
3398,0.21,1
3399,1.95,5
3400,0.21,0
3401,0.15,0
3402,0.59,2
3403,0.18,0
3404,3.84,5
3405,1.41,1
3406,0.19,1
3407,0.55,2
3408,0.91,1
3409,0.15,1
3410,0.04,0
3411,0.02,0
3412,0.58,1
3413,0.3,1
3414,0.8,1
3415,1.02,2
3416,0.47,1
3417,0.21,1
3418,0.46,3
3419,0.26,0
3420,0.39,3
3421,0.1,0
3422,0.07,1
3423,0.73,3
3424,0.03,1
3425,0.61,2
3426,0.01,0
3427,0.9,2
3428,0.54,0
3429,0.22,1
3430,0.38,3
3431,0.44,1
3432,0.48,0
3433,0.07,0
3434,0.18,1
3435,0.23,3
3436,0.2,2
3437,2.88,1
3438,0.23,1
3439,1.16,4
3440,0.18,0
3441,0.06,0
3442,0.91,1
3443,0.26,1
3444,0.41,1
3445,0.17,0
3446,3.45,24
3447,1.4,1
3448,0.43,0
3449,0.55,0
3450,2.06,2
3451,0.24,1
3452,0.2,0
3453,0.26,0
3454,0.05,0
3455,0.91,4
3456,0.8,7
3457,0.53,0
3458,0.84,1
3459,0.9,0
3460,0.44,0
3461,0.81,1
3462,0.05,0
3463,0.78,2
3464,0.56,2
3465,0.55,4
3466,0.58,2
3467,1.67,3
3468,1.9,4
3469,6.81,20
3470,1.3,6
3471,0.01,0
3472,0.07,1
3473,0.16,0
3474,0.08,0
3475,0.16,1
3476,0.56,0
3477,0.26,4
3478,0.91,3
3479,1.43,11
3480,0.4,0
3481,0.01,0
3482,0.29,0
3483,0.16,1
3484,1.01,4
3485,2.42,7
3486,1.44,8
3487,0.04,0
3488,0.38,0
3489,2.23,3
3490,0.01,1
3491,0.23,0
3492,1.14,2
3493,2.18,8
3494,1.95,4
3495,0.61,0
3496,0.61,1
3497,0.08,0
3498,0.28,0
3499,0.11,0
3500,0.02,0
3501,2.68,18
3502,0.29,0
3503,0.02,0
3504,0.19,0
3505,0.81,4
3506,0.27,1
3507,0.03,0
3508,1.44,6
3509,0.14,0
3510,1.52,12
3511,0.03,0
3512,0.06,0
3513,0.07,0
3514,0.06,0
3515,0.54,2
3516,0.18,2
3517,1.12,8
3518,0.07,0
3519,0.34,1
3520,0.1,0
3521,0.03,0
3522,0.05,0
3523,0.01,0
3524,0.48,2
3525,0.41,4
3526,0.2,1
3527,0.5,3
3528,0.16,0
3529,0.76,0
3530,0.2,0
3531,0.15,0
3532,0.07,0
3533,0.19,1
3534,0.25,0
3535,0.36,1
3536,0.02,0
3537,0.02,0
3538,0.3,0
3539,1.51,3
3540,0.56,2
3541,0.92,1
3542,0.2,3
3543,0.4,1
3544,0.4,2
3545,0.8,3
3546,0.12,1
3547,0.91,3
3548,0.07,2
3549,0.4,1
3550,0.27,1
3551,0.7,0
3552,0.24,2
3553,0.83,6
3554,0.05,0
3555,0.01,0
3556,0.23,0
3557,0.5,1
3558,0.14,0
3559,0.01,0
3560,0.01,0
3561,0.73,3
3562,0.11,0
3563,0.35,1
3564,0.14,1
3565,0.03,1
3566,0.08,0
3567,0.11,0
3568,1.2,3
3569,0.38,0
3570,0.53,3
3571,0.12,0
3572,0.88,2
3573,0.35,4
3574,0.01,0
3575,0.18,1
3576,1.98,1
3577,1.13,1
3578,0.27,0
3579,0.64,3
3580,0.02,0
3581,1.04,2
3582,0.59,1
3583,0.35,0
3584,0.03,0
3585,0.13,0
3586,0.23,1
3587,0.57,2
3588,0.29,0
3589,0.42,2
3590,0.03,0
3591,0.31,0
3592,0.22,0
3593,0.04,2
3594,1.58,5
3595,0.9,3
3596,0.4,2
3597,0.38,2
3598,0.3,1
3599,0.08,1
3600,1.15,4
3601,1.02,8
3602,0.43,1
3603,0.14,1
3604,0.12,0
3605,0.79,1
3606,0.58,3
3607,0.16,0
3608,0.04,1
3609,0.1,1
3610,1.26,15
3611,2.98,21
3612,0.16,1
3613,1.53,3
3614,0.03,1
3615,0.14,0
3616,0.51,5
3617,0.52,0
3618,0.79,4
3619,0.26,0
3620,1.99,9
3621,0.03,0
3622,0.93,2
3623,1.86,3
3624,0.16,0
3625,1.02,3
3626,1.05,3
3627,0.79,4
3628,0.01,0
3629,2.65,10
3630,0.66,1
3631,1.97,10
3632,0.02,0
3633,6.26,22
3634,0.13,0
3635,0.39,0
3636,0.43,1
3637,1.93,6
3638,2.37,8
3639,0.19,0
3640,0.07,0
3641,0.48,0
3642,0.95,2
3643,0.89,3
3644,4.51,14
3645,0.91,1
3646,0.36,2
3647,0.13,0
3648,0.27,0
3649,0.72,2
3650,1.04,5
3651,2.51,7
3652,1.15,1
3653,0.15,1
3654,0.4,3
3655,0.4,2
3656,0.27,0
3657,1.19,5
3658,0.32,4
3659,0.13,0
3660,0.95,4
3661,0.98,1
3662,0.16,0
3663,0.63,3
3664,1.16,6
3665,0.65,1
3666,0.08,0
3667,2.67,11
3668,0.21,0
3669,0.52,1
3670,1.11,0
3671,0.17,0
3672,0.24,3
3673,4.37,15
3674,0.01,0
3675,0.01,0
3676,0.79,1
3677,1.52,11
3678,1.11,6
3679,1.41,7
3680,0.1,1
3681,0.06,0
3682,0.09,2
3683,0.09,0
3684,0.13,4
3685,1.25,12
3686,4.47,22
3687,9.27,38
3688,0.31,0
3689,0.42,1
3690,0.49,6
3691,0.33,0
3692,1.59,5
3693,1.93,21
3694,0.77,0
3695,1.89,6
3696,0.65,2
3697,3.9,24
3698,1.21,0
3699,0.58,5
3700,0.91,5
3701,0.15,0
3702,0.33,0
3703,1.17,8
3704,2.21,18
3705,0.4,1
3706,0.4,0
3707,0.37,1
3708,0.45,4
3709,0.61,2
3710,0.9,2
3711,0.27,3
3712,0.18,1
3713,0.27,1
3714,1.28,4
3715,0.43,3
3716,0.62,4
3717,0.7,3
3718,0.43,1
3719,0.66,4
3720,0.04,0
3721,0.1,1
3722,0.73,2
3723,0.03,0
3724,0.1,1
3725,0.1,1
3726,0.95,6
3727,0.01,0
3728,0.01,0
3729,0.35,6
3730,0.07,0
3731,1.03,8
3732,0.13,0
3733,0.05,0
3734,0.17,0
3735,0.27,1
3736,0.04,0
3737,0.15,0
3738,0.6,4
3739,0.21,1
3740,0.94,6
3741,1.03,4
3742,0.26,0
3743,0.01,1
3744,1.42,11
3745,0.01,0
3746,0.3,0
3747,0.18,0
3748,0.17,0
3749,0.02,0
3750,0.05,0
3751,0.2,2
3752,0.25,2
3753,0.35,0
3754,0.41,2
3755,0.05,0
3756,0.1,2
3757,0.56,2
3758,1.35,7
3759,0.16,0
3760,0.07,0
3761,0.56,2
3762,0.6,4
3763,0.4,0
3764,0.15,1
3765,0.46,3
3766,0.9,3
3767,0.89,3
3768,0.88,4
3769,0.74,8
3770,0.04,0
3771,0.42,7
3772,0.31,0
3773,0.06,0
3774,0.29,3
3775,0.03,0
3776,0.29,0
3777,0.04,2
3778,0.32,0
3779,0.87,1
3780,0.92,3
3781,0.37,0
3782,0.37,0
3783,0.01,0
3784,0.92,11
3785,0.86,0
3786,0.44,2
3787,0.57,4
3788,0.81,2
3789,0.48,4
3790,0.14,1
3791,0.01,0
3792,0.02,0
3793,0.15,1
3794,0.53,2
3795,0.1,0
3796,0.11,0
3797,0.08,0
3798,0.1,0
3799,0.12,0
3800,0.97,10
3801,0.41,0
3802,2.51,21
3803,1.05,8
3804,0.86,1
3805,0.83,6
3806,0.95,1
3807,1.07,10
3808,0.16,0
3809,0.86,5
3810,0.36,3
3811,0.26,2
3812,0.93,2
3813,0.88,9
3814,1.43,5
3815,0.9,2
3816,0.35,3
3817,0.23,3
3818,0.25,2
3819,0.11,0
3820,0.03,1
3821,0.78,6
3822,0.93,6
3823,0.3,4
3824,0.04,1
3825,0.7,2
3826,0.17,0
3827,0.49,4
3828,2.98,39
3829,0.29,0
3830,1.59,10
3831,0.22,2
3832,0.11,0
3833,0.47,1
3834,0.33,3
3835,0.68,3
3836,0.1,1
3837,0.91,10
3838,0.89,4
3839,0.68,4
3840,0.87,7
3841,0.15,2
3842,0.08,1
3843,0.5,4
3844,0.12,0
3845,0.68,3
3846,0.03,0
3847,1.13,1
3848,2.19,17
3849,0.69,2
3850,0.41,1
3851,0.21,4
3852,0.02,0
3853,0.65,10
3854,0.02,0
3855,1.09,17
3856,0.24,1
3857,0.02,0
3858,1.4,33
3859,1.01,1
3860,0.01,0
3861,0.07,0
3862,0.5,5
3863,0.37,0
3864,0.39,1
3865,0.14,2
3866,0.12,1
3867,0.02,1
3868,0.22,4
3869,0.08,0
3870,0.55,11
3871,0.57,3
3872,0.15,2
3873,0.22,1
3874,0.27,2
3875,0.9,3
3876,0.33,3
3877,0.21,0
3878,1,20
3879,1.2,16
3880,1.02,8
3881,1.24,14
3882,1.52,16
3883,0.92,12
3884,0.26,1
3885,0.11,0
3886,0.69,1
3887,0.1,1
3888,1.9,31
3889,0.29,1
3890,0.36,2
3891,1.86,27
3892,0.97,14
3893,0.34,2
3894,0.91,13
3895,8.92,7
3896,5.23,3
3897,0.83,13
3898,1.55,10
3899,1.05,4
3900,0.33,4
3901,1.15,5
3902,0.61,0
3903,0.3,0
3904,0.97,0
3905,1.46,1
3906,1.44,1
3907,0.29,1
3908,0.13,0
3909,1.38,3
3910,0.53,0
3911,1.63,4
3912,1.2,1
3913,0.46,0
3914,0.04,0
3915,0.01,0
3916,0.04,0
3917,0.05,0
3918,0.73,3
3919,0.91,4
3920,1.23,2
3921,2.87,12
3922,0.05,0
3923,0.12,1
3924,3.08,8
3925,6.24,6
3926,0.29,1
3927,3.67,7
3928,1.8,19
3929,0.62,6
3930,0.24,5
3931,0.61,7
3932,0.54,3
3933,0.69,1
3934,0.84,6
3935,0.35,3
3936,0.1,1
3937,2.85,20
3938,0.05,0
3939,0.71,5
3940,0.96,5
3941,1.36,3
3942,1.96,7
3943,1.95,2
3944,0.57,4
3945,2.14,34
3946,2.46,36
3947,4.36,102
3948,1.74,1
3949,0.47,0
3950,0.04,1
3951,0.08,0
3952,0.03,0
3953,0.08,1
3954,0.04,0
3955,0.04,0
3956,0.02,0
3957,0.89,2
3958,0.07,0
3959,0.26,0
3960,3.6,10
3961,0.44,2
3962,0.37,1
3963,0.37,2
3964,0.85,4
3965,1.52,2
3966,0.18,2
3967,0.62,1
3968,0.18,0
3969,0.74,0
3970,0.34,0
3971,0.15,0
3972,0.54,0
3973,1.11,1
3974,0.49,0
3975,0.25,0
3976,1.48,1
3977,0.62,4
3978,0.04,1
3979,0.23,0
3980,1.03,6
3981,9.5,32
3982,2.56,6
3983,0.08,0
3984,0.02,0
3985,0.2,0
3986,0.86,1
3987,0.23,3
3988,0.13,0
3989,0.68,1
3990,0.41,0
3991,0.02,0
3992,0.2,0
3993,0.32,1
3994,0.33,0
3995,3.59,3
3996,1.59,1
3997,0.4,1
3998,1.44,2
3999,2.14,2
4000,2.89,6
4001,3.5,6
4002,3.59,5
4003,1.52,2
4004,8.92,5
4005,1,3
4006,0.3,1
4007,0.73,1
4008,0.6,0
4009,0.04,0
4010,0.68,1
4011,0.87,3
4012,0.09,0
4013,0.09,0
4014,0.18,0
4015,0.28,0
4016,0.89,0
4017,2.61,10
4018,2.52,20
4019,0.57,10
4020,0.54,0
4021,0.02,0
4022,0.2,3
4023,0.35,1
4024,0.79,5
4025,0.27,0
4026,0.21,2
4027,0.04,0
4028,0.62,4
4029,0.62,8
4030,0.04,1
4031,0.29,7
4032,0.49,0
4033,0.19,4
4034,0.05,2
4035,0.35,2
4036,0.55,2
4037,0.05,5
4038,0.01,0
4039,0.15,0
4040,0.15,1
4041,0.16,1
4042,1.02,14
4043,0.04,0
4044,0.6,9
4045,0.35,5
4046,0.58,6
4047,1.38,10
4048,0.27,3
4049,0.04,1
4050,2.27,49
4051,0.03,8
4052,0.09,0
4053,0.21,0
4054,5.17,13
4055,0.99,10
4056,0.28,1
4057,1,5
4058,0.23,0
4059,0.72,1
4060,0.93,2
4061,0.09,0
4062,2.49,4
4063,0.88,2
4064,0.42,1
4065,7.5,23
4066,1.31,3
4067,0.54,3
4068,0.05,0
4069,0.03,0
4070,8.05,12
4071,0.86,0
4072,0.04,0
4073,0.11,0
4074,0.01,0
4075,0.72,1
4076,0.47,1
4077,0.24,1
4078,0.57,0
4079,0.12,0
4080,0.17,0
4081,2.24,3
4082,6.01,2
4083,1.2,3
4084,0.15,0
4085,1,0
4086,0.15,0
4087,0.62,1
4088,1.02,1
4089,5.49,7
4090,4.44,7
4091,0.38,0
4092,0.31,0
4093,4.37,3
4094,0.11,0
4095,5.05,4
4096,0.03,1
4097,0.38,2
4098,0.02,0
4099,0.14,0
4100,0.02,0
4101,0.09,0
4102,0.23,0
4103,0.03,0
4104,0.68,1
4105,0.24,1
4106,0.31,2
4107,2.55,1
4108,0.31,0
4109,0.66,1
4110,0.21,1
4111,1.37,1
4112,3.47,3
4113,0.61,2
4114,0.62,0
4115,0.14,0
4116,0.3,0
4117,0.07,0
4118,0.09,0
4119,0.11,0
4120,0.58,1
4121,0.31,0
4122,0.06,1
4123,0.14,0
4124,7.79,16
4125,4.25,9
4126,0.43,2
4127,6.23,9
4128,13.04,20
4129,0.6,1
4130,1.73,1
4131,0.31,0
4132,0.04,0
4133,0.53,0
4134,1,0
4135,6.39,4
4136,7.89,13
4137,0.11,0
4138,6.07,7
4139,1.66,0
4140,1.26,0
4141,1.95,3
4142,0.17,1
4143,0.18,0
4144,1.8,4
4145,1.86,4
4146,4.86,1
4147,2.23,1
4148,3.61,1
4149,2.49,2
4150,0.32,0
4151,0.11,0
4152,2.33,2
4153,1.33,2
4154,0.04,0
4155,1.09,1
4156,0.03,0
4157,1.91,0
4158,1.41,0
4159,0.79,0
4160,19.74,23
4161,6.03,14
4162,8.81,25
4163,5.52,13
4164,0.16,1
4165,0.02,0
4166,0.07,0
4167,8.82,41
4168,0.36,0
4169,4.18,7
4170,1.49,2
4171,5.53,2
4172,5.05,3
4173,0.58,0
4174,9.37,10
4175,0.94,0
4176,0.15,0
4177,0.43,0
4178,0.32,0
4179,0.33,0
4180,1.22,5
4181,0.18,0
4182,1.2,3
4183,1.02,3
4184,2.48,10
4185,2.43,14
4186,0.6,3
4187,0.38,1
4188,0.33,1
4189,1.01,8
4190,1.24,5
4191,0.95,1
4192,1.46,3
4193,0.63,0
4194,4.98,26
4195,0.63,0
4196,0.77,4
4197,0.6,1
4198,1.31,4
4199,1.84,3
4200,0.97,2
4201,1.83,11
4202,0.01,0
4203,0.01,0
4204,0.02,0
4205,0.01,0
4206,0.07,0
4207,0.29,5
4208,0.21,0
4209,0.22,0
4210,1.52,7
4211,0.1,2
4212,1.39,3
4213,0.54,2
4214,1.23,1
4215,1.02,0
4216,2.22,2
4217,4.03,12
4218,2.46,14
4219,1.61,4
4220,3,4
4221,2.57,5
4222,1.51,5
4223,0.95,2
4224,0.64,0
4225,2.76,5
4226,0.55,0
4227,0.83,2
4228,0.48,1
4229,0.21,0
4230,1.18,2
4231,0.22,1
4232,0.33,2
4233,0.39,1
4234,3.29,20
4235,0.16,0
4236,3.08,22
4237,3.68,17
4238,0.36,0
4239,3.38,11
4240,3.01,1
4241,0.59,0
4242,1.39,2
4243,3.09,7
4244,0.71,2
4245,0.29,3
4246,0.12,1
4247,1.94,6
4248,0.55,2
4249,0.03,0
4250,0.74,1
4251,0.58,5
4252,0.06,0
4253,0.19,0
4254,1.97,12
4255,1.34,3
4256,2.53,15
4257,0.15,3
4258,1.25,13
4259,0.26,0
4260,0.2,0
4261,0.76,11
4262,2.31,23
4263,0.03,2
4264,0.58,7
4265,0.21,5
4266,0.54,5
4267,0.53,3
4268,0.31,0
4269,1.1,3
4270,4,0
4271,12.21,0
4272,14.55,1
4273,2.35,0
4274,1.69,0
4275,1.9,0
4276,0.38,0
4277,0.87,1
4278,0.03,0
4279,0.26,0
4280,1.19,2
4281,0.26,0
4282,0.04,0
4283,0.09,0
4284,0.01,0
4285,0.33,0
4286,0.47,3
4287,4.32,38
4288,1.99,24
4289,0.85,2
4290,1.84,10
4291,0.35,4
4292,3.02,25
4293,0.48,3
4294,0.75,3
4295,1.36,13
4296,0.06,1
4297,0.07,1
4298,0.43,3
4299,0.16,0
4300,0.19,0
4301,0.32,2
4302,2.8,1
4303,1.22,0
4304,0.1,0
4305,0.34,0
4306,0.08,0
4307,0.2,1
4308,0.8,6
4309,0.01,0
4310,0.16,0
4311,0.3,4
4312,0.01,1
4313,2.04,8
4314,0.06,0
4315,0.15,2
4316,0.4,2
4317,6.08,29
4318,1.03,13
4319,0.06,0
4320,0.08,1
4321,0.78,1
4322,1.48,13
4323,1.46,12
4324,0.31,1
4325,0.23,1
4326,0.03,0
4327,0.01,1
4328,2.65,1
4329,0.01,0
4330,1.23,0
4331,0.98,0
4332,5.05,3
4333,2.98,2
4334,1.04,1
4335,8.88,6
4336,1.42,1
4337,2.38,0
4338,3.26,0
4339,4.95,2
4340,8.24,7
4341,4.41,1
4342,0.59,3
4343,0.02,0
4344,2.59,6
4345,0.8,0
4346,1.98,9
4347,2.27,12
4348,0.4,3
4349,0.38,4
4350,1.49,9
4351,11.5,30
4352,4.99,17
4353,4.11,4
4354,0.62,0
4355,2.67,5
4356,0.99,0
4357,0.66,2
4358,0.38,1
4359,0.08,0
4360,0.08,0
4361,3.76,5
4362,0.34,0
4363,3.68,4
4364,0.51,2
4365,1.31,2
4366,0.12,0
4367,0.49,2
4368,1.76,5
4369,2.3,5
4370,0.02,0
4371,0.04,0
4372,5.84,8
4373,1.02,0
4374,1.46,4
4375,0.1,0
4376,0.12,0
4377,0.06,0
4378,0.02,1
4379,0.07,0
4380,1.55,18
4381,0.69,0
4382,0.64,0
4383,0.16,0
4384,0.45,1
4385,1.1,3
4386,0.26,1
4387,0.27,2
4388,1.46,8
4389,1.3,13
4390,1,6
4391,0.19,0
4392,0.22,0
4393,1.96,3
4394,0.94,1
4395,0.79,1
4396,0.72,1
4397,1.98,0
4398,0.35,1
4399,0.01,0
4400,1.02,1
4401,0.03,0
4402,1.15,3
4403,0.06,1
4404,1.15,5
4405,1.2,5
4406,0.4,0
4407,0.24,1
4408,0.06,0
4409,0.26,0
4410,1.41,4
4411,0.21,0
4412,0.22,0
4413,0.14,1
4414,1.19,1
4415,0.75,3
4416,0.04,0
4417,0.32,1
4418,1,2
4419,0.08,0
4420,0.64,0
4421,2.78,4
4422,2.48,1
4423,0.88,1
4424,0.83,1
4425,0.75,4
4426,0.84,1
4427,2.51,10
4428,2.49,6
4429,1,0
4430,1.01,1
4431,0.67,1
4432,1.93,4
4433,1.46,0
4434,2.33,3
4435,2.27,2
4436,0.53,1
4437,0.85,0
4438,4.75,4
4439,0.04,0
4440,3.07,5
4441,1.69,2
4442,0.89,0
4443,0.51,2
4444,0.49,0
4445,0.56,3
4446,0.41,1
4447,1.21,4
4448,0.33,1
4449,3.55,9
4450,0.7,0
4451,1.34,7
4452,3.36,7
4453,0.21,1
4454,4.66,4
4455,0.41,0
4456,0.48,0
4457,1.94,0
4458,8.75,9
4459,0.95,6
4460,1.1,1
4461,1.59,1
4462,0.21,2
4463,0.54,2
4464,0.64,3
4465,0.02,0
4466,0.1,1
4467,2.65,16
4468,0.03,0
4469,0.76,7
4470,0.52,3
4471,0.05,0
4472,0.86,2
4473,2.77,5
4474,0.2,0
4475,0.01,0
4476,1.52,4
4477,0.08,2
4478,0.04,0
4479,0.21,2
4480,0.48,3
4481,0.1,0
4482,1.06,3
4483,2.31,12
4484,3.09,21
4485,2.85,14
4486,0.8,2
4487,0.44,1
4488,0.29,0
4489,0.3,0
4490,1.33,5
4491,1.82,4
4492,1.75,7
4493,0.71,2
4494,0.02,0
4495,0.33,1
4496,1.67,9
4497,3.47,12
4498,0.67,6
4499,6.26,20
4500,2.97,14
4501,1.26,2
4502,0.13,1
4503,0.64,2
4504,0.05,1
4505,0.72,4
4506,3.77,4
4507,0.41,0
4508,4.19,16
4509,1.38,4
4510,0.98,1
4511,2.68,17
4512,0.06,0
4513,0.93,3
4514,1.28,1
4515,1.31,2
4516,0.02,0
4517,5.02,6
4518,1.66,2
4519,6.43,10
4520,1.1,0
4521,1.15,0
4522,0.64,1
4523,0.08,0
4524,0.08,0
4525,0.02,0
4526,0.1,0
4527,0.09,0
4528,0.41,0
4529,0.3,0
4530,0.74,0
4531,6.18,7
4532,1.49,0
4533,5.76,9
4534,9.03,7
4535,3.14,2
4536,8.75,5
4537,1.67,1
4538,7.54,5
4539,4.68,6
4540,0.94,1
4541,0.88,0
4542,1.05,1
4543,0.83,1
4544,0.27,0
4545,4.61,6
4546,5.76,6
4547,0.03,0
4548,1.17,0
4549,3.07,0
4550,1.38,0
4551,0.91,1
4552,1.76,1
4553,0.08,0
4554,0.16,0
4555,3.66,5
4556,1.17,0
4557,0.59,0
4558,1.48,2
4559,3.84,10
4560,1.18,3
4561,0.54,0
4562,0.02,0
4563,0.4,0
4564,0.39,0
4565,0.5,0
4566,9.92,14
4567,0.05,0
4568,0.57,3
4569,0.16,2
4570,0.21,0
4571,3.31,13
4572,1.74,6
4573,0.11,0
4574,0.01,0
4575,0.01,0
4576,0.08,1
4577,0.03,0
4578,1.05,5
4579,0.58,7
4580,0.92,11
4581,0.76,4
4582,0.89,4
4583,5.21,42
4584,0.35,0
4585,0.59,3
4586,0.94,17
4587,1.17,4
4588,2.25,14
4589,1.84,6
4590,0.02,0
4591,0.14,0
4592,0.17,0
4593,0.23,0
4594,0.04,0
4595,0.22,0
4596,0.06,0
4597,0.76,2
4598,0.8,0
4599,1.02,3
4600,0.35,0
4601,1.06,2
4602,0.27,1
4603,0.9,3
4604,0.19,0
4605,2.13,2
4606,3.54,13
4607,5.09,10
4608,3.52,6
4609,2.78,14
4610,0.12,0
4611,2.85,6
4612,0.61,2
4613,2.43,2
4614,1.94,0
4615,0.07,0
4616,0.65,2
4617,0.02,0
4618,0.11,0
4619,0.51,0
4620,1.06,0
4621,3.44,0
4622,3.7,2
4623,7.77,4
4624,2.54,0
4625,0.15,0
4626,1.11,2
4627,0.64,5
4628,0.78,0
4629,0.06,0
4630,2.24,2
4631,0.51,0
4632,0.05,0
4633,4.92,2
4634,0.08,0
4635,0.26,1
4636,0.12,1
4637,0.09,0
4638,0.14,0
4639,0.04,0
4640,0.22,1
4641,0.38,0
4642,4.78,42
4643,0.36,6
4644,0.43,2
4645,0.62,1
4646,0.17,0
4647,0.2,0
4648,0.77,2
4649,0.41,1
4650,0.07,1
4651,0.04,0
4652,0.01,0
4653,0.17,0
4654,2.74,5
4655,0.71,0
4656,0.77,1
4657,2.77,2
4658,0.1,0
4659,0.09,0
4660,0.11,0
4661,0.61,1
4662,0.61,2
4663,0.62,1
4664,0.03,0
4665,2.21,3
4666,1.19,3
4667,0.85,1
4668,0.23,0
4669,2.28,2
4670,0.25,1
4671,0.15,0
4672,0.07,0
4673,0.07,0
4674,2.02,5
4675,0.14,0
4676,1.6,1
4677,1.49,1
4678,0.67,2
4679,1.22,1
4680,1.9,2
4681,3.23,24
4682,0.04,0
4683,0.13,0
4684,2.83,39
4685,5.44,1
4686,0.67,0
4687,2.59,5
4688,0.1,0
4689,0.62,0
4690,0.15,1
4691,0.71,0
4692,0.32,1
4693,0.18,0
4694,0.46,0
4695,0.05,0
4696,0.46,0
4697,2.89,56
4698,0.23,1
4699,4.36,7
4700,3.34,3
4701,0.8,1
4702,16.66,13
4703,1.91,0
4704,8.26,16
4705,1.03,0
4706,3.13,1
4707,0.2,0
4708,0.92,2
4709,0.4,1
4710,4.28,3
4711,0.17,1
4712,2.67,3
4713,0.68,0
4714,4.22,4
4715,2.14,3
4716,1.66,6
4717,0.04,0
4718,1.58,2
4719,0.35,0
4720,0.95,2
4721,2.8,5
4722,1.29,1
4723,0.05,0
4724,0.5,0
4725,0.09,0
4726,0.71,2
4727,1.45,3
4728,0.35,1
4729,0.41,0
4730,1.11,3
4731,2.52,0
4732,5.04,1
4733,0.79,0
4734,1.4,1
4735,0.43,0
4736,1.56,0
4737,0.58,0
4738,1.55,0
4739,5.8,1
4740,1.35,0
4741,1.36,0
4742,1.28,0
4743,0.77,1
4744,1.08,0
4745,2.67,2
4746,1.92,1
4747,0.03,0
4748,0.05,0
4749,0.73,1
4750,1.35,4
4751,5.19,14
4752,0.33,2
4753,0.73,4
4754,2.84,16
4755,3.01,22
4756,0.59,0
4757,2.82,0
4758,3.22,2
4759,2.23,0
4760,1.17,0
4761,10.75,0
4762,10.55,5
4763,6.66,3
4764,1.38,0
4765,1.39,3
4766,0.88,1
4767,2.55,2
4768,1.48,4
4769,0.68,1
4770,2.96,1
4771,2.99,8
4772,2.28,6
4773,0.43,1
4774,1.37,4
4775,0.05,0
4776,0.29,2
4777,0.54,1
4778,3.57,5
4779,0.46,1
4780,1.01,1
4781,2.1,3
4782,4.3,3
4783,5.61,4
4784,2.22,2
4785,1.02,3
4786,0.15,0
4787,0.02,0
4788,0.08,0
4789,4.73,2
4790,0.77,0
4791,0.34,0
4792,1.28,0
4793,9.41,5
4794,1.98,0
4795,7.27,4
4796,1.16,0
4797,5.65,0
4798,0.64,0
4799,2.03,1
4800,0.7,0
4801,0.31,2
4802,6.46,6
4803,2.81,1
4804,1,0
4805,0.48,1
4806,5.42,1
4807,0.8,0
4808,1.97,1
4809,1.31,0
4810,2.74,1
4811,0.04,3
4812,0.01,2
4813,4.15,94
4814,2.08,42
4815,0.15,4
4816,0.21,5
4817,0.08,1
4818,1.42,6
4819,0.05,2
4820,0.74,2
4821,0.37,2
4822,0.2,0
4823,0.31,1
4824,0.53,0
4825,0.29,1
4826,0.2,0
4827,0.51,1
4828,0.07,1
4829,0.21,1
4830,0.57,3
4831,0.14,0
4832,0.53,0
4833,0.24,0
4834,0.84,1
4835,0.15,1
4836,0.12,0
4837,0.12,2
4838,0.17,0
4839,0.01,0
4840,0.02,0
4841,1.97,8
4842,0.23,1
4843,0.19,1
4844,0.29,2
4845,0.49,0
4846,1.05,8
4847,0.25,1
4848,0.5,4
4849,0.49,3
4850,0.72,8
4851,0.1,0
4852,0.01,0
4853,0.03,0
4854,0.15,0
4855,1.04,10
4856,0.52,5
4857,1.26,17
4858,0.37,2
4859,0.78,9
4860,5.81,56
4861,0.19,7
4862,2.11,28
4863,1.36,29
4864,3.5,3
4865,1.83,1
4866,3.52,1
4867,2.55,2
4868,1.55,2
4869,3.34,1
4870,6.46,1
4871,2.89,2
4872,2.84,1
4873,1.93,1
4874,3.34,1
4875,0.95,2
4876,0.21,0
4877,2.27,2
4878,0.62,0
4879,7.97,12
4880,2.2,2
4881,0.01,0
4882,2.49,3
4883,0.09,0
4884,0.75,0
4885,4.07,3
4886,0.39,1
4887,8.44,8
4888,2.15,0
4889,0.46,1
4890,4.89,10
4891,0.49,3
4892,1.92,0
4893,0.88,3
4894,0.04,0
4895,0.2,0
4896,0.07,0
4897,1.64,3
4898,3.34,4
4899,0.13,0
4900,0.01,1
4901,0.38,1
4902,1.1,1
4903,1.47,4
4904,0.1,0
4905,1.75,10
4906,0.47,0
4907,0.32,1
4908,0.35,1
4909,4.02,3
4910,1.59,6
4911,0.97,4
4912,1.08,4
4913,0.63,1
4914,0.85,6
4915,0.91,1
4916,1.98,6
4917,0.25,0
4918,0.03,0
4919,2.16,6
4920,0.75,1
4921,0.3,0
4922,2.62,2
4923,0.05,0
4924,0.55,0
4925,2.74,3
4926,2.52,9
4927,3.91,2
4928,6.74,5
4929,4.54,1
4930,5.05,3
4931,1.26,2
4932,3.58,4
4933,1.46,1
4934,3.43,5
4935,0.17,0
4936,3.85,9
4937,5.05,9
4938,0.03,0
4939,0.46,1
4940,0.1,0
4941,0.03,0
4942,0.07,0
4943,0.04,0
4944,0.01,0
4945,0.4,4
4946,0.21,5
4947,0.01,0
4948,0.09,0
4949,0.03,0
4950,5.85,3
4951,2.2,0
4952,2.96,2
4953,1.93,1
4954,2.41,6
4955,6.54,4
4956,1.94,2
4957,1.9,1
4958,0.81,6
4959,0.17,1
4960,0.11,0
4961,0.1,0
4962,0.19,0
4963,1.97,0
4964,0.27,1
4965,0.07,0
4966,2.1,11
4967,1.85,5
4968,4.83,12
4969,0.43,1
4970,4.83,8
4971,4.57,12
4972,0.39,1
4973,1.12,1
4974,0.14,0
4975,1.3,0
4976,5.88,3
4977,4.4,0
4978,6.19,1
4979,10.62,19
4980,0.27,1
4981,3.35,1
4982,0.99,4
4983,5.22,3
4984,1.42,1
4985,0.01,0
4986,1.02,1
4987,0.7,0
4988,2.56,1
4989,0.25,0
4990,1.81,3
4991,2.97,0
4992,0.15,0
4993,0.97,1
4994,0.99,1
4995,5.36,1
4996,1.23,0
4997,0.31,1
4998,0.82,2
4999,1.12,4
5000,0.47,0
5001,0.24,0
5002,0.33,0
5003,0.23,0
5004,3.01,0
5005,6.23,9
5006,0.28,0
5007,2.47,0
5008,1.99,1
5009,1.06,2
5010,0.14,0
5011,0.06,0
5012,1.04,0
5013,0.23,0
5014,0.02,0
5015,1.86,2
5016,8.96,7
5017,0.49,0
5018,0.09,0
5019,1.08,1
5020,0.5,0
5021,0.12,0
5022,0.04,0
5023,0.08,0
5024,0.74,0
5025,6.4,3
5026,1.32,0
5027,0.27,0
5028,15.35,12
5029,9.2,2
5030,0.23,2
5031,0.15,1
5032,3.98,2
5033,12.72,15
5034,16.3,17
5035,0.26,0
5036,5.43,14
5037,4.11,5
5038,6.3,16
5039,2.1,5
5040,3.89,10
5041,5.67,8
5042,1.58,1
5043,1.42,1
5044,5.64,5
5045,2.57,2
5046,0.11,0
5047,5.85,13
5048,0.36,0
5049,5.31,9
5050,1.81,4
5051,0.98,1
5052,1.5,7
5053,0.11,0
5054,1.81,7
5055,2.58,4
5056,0.26,0
5057,2.17,9
5058,0.34,0
5059,2,7
5060,0.45,2
5061,2.76,11
5062,2.44,9
5063,0.11,0
5064,0.94,4
5065,2.33,12
5066,0.45,1
5067,2.8,3
5068,6.65,11
5069,2.06,2
5070,1.84,3
5071,1.23,3
5072,2.77,2
5073,7.77,6
5074,4.16,1
5075,0.48,1
5076,0.58,0
5077,1.58,0
5078,0.02,0
5079,1.1,0
5080,1.26,0
5081,0.98,0
5082,1.16,0
5083,1.05,0
5084,0.2,0
5085,0.74,0
5086,3.23,2
5087,0.08,0
5088,1.01,0
5089,0.07,0
5090,4.19,1
5091,3.12,0
5092,2.13,0
5093,1.3,0
5094,2.93,0
5095,0.16,0
5096,5.52,0
5097,1.94,0
5098,4.23,2
5099,1.92,1
5100,1.1,0
5101,2.18,2
5102,3.06,1
5103,1.7,3
5104,0.08,0
5105,0.23,0
5106,9.36,2
5107,6.15,4
5108,4.04,1
5109,3.38,0
5110,0.4,0
5111,1.58,1
5112,0.75,0
5113,0.1,0
5114,0.84,0
5115,16.9,13
5116,0.05,0
5117,2.5,3
5118,2.86,2
5119,4.59,0
5120,3.45,1
5121,1.21,2
5122,0.57,5
5123,0.12,0
5124,1.11,6
5125,2.89,14
5126,1.78,11
5127,0.45,3
5128,0.16,8
5129,0.29,0
5130,1.05,3
5131,2.93,8
5132,2.36,15
5133,2.05,6
5134,0.07,0
5135,2.13,7
5136,0.39,0
5137,0.28,2
5138,1.98,7
5139,0.29,0
5140,0.89,1
5141,0.87,0
5142,2.14,2
5143,1.95,5
5144,3.54,13
5145,0.33,1
5146,0.18,1
5147,0.26,3
5148,0.02,0
5149,1.25,11
5150,0.73,1
5151,0.07,0
5152,0.28,0
5153,3.29,7
5154,4.3,11
5155,1.73,1
5156,3.31,2
5157,0.72,5
5158,3.12,5
5159,3.78,22
5160,0.13,0
5161,0.02,0
5162,0.71,0
5163,4.55,8
5164,2.38,10
5165,3.09,3
5166,1.39,8
5167,1.32,2
5168,0.66,2
5169,0.22,1
5170,2.01,7
5171,0.46,1
5172,0.24,1
5173,0.04,0
5174,0.09,0
5175,0.11,0
5176,0.54,0
5177,0.01,0
5178,0.02,0
5179,6.02,5
5180,2.7,4
5181,2.71,0
5182,1.33,2
5183,2.09,1
5184,1.81,1
5185,1.14,0
5186,0.49,0
5187,1.07,0
5188,5.07,6
5189,0.03,2
5190,0.18,0
5191,1.2,0
5192,7,7
5193,1.35,0
5194,0.98,1
5195,0.08,1
5196,0.12,0
5197,0.27,0
5198,0.05,0
5199,0.82,3
5200,0.78,1
5201,0.39,1
5202,0.66,0
5203,0.87,2
5204,0.83,0
5205,0.06,0
5206,0.21,0
5207,0.05,1
5208,1.62,5
5209,2.62,8
5210,0.55,0
5211,3.03,18
5212,1.47,11
5213,1.59,5
5214,0.14,0
5215,3.08,5
5216,1.2,3
5217,1.32,5
5218,0.28,5
5219,0.4,0
5220,2.74,15
5221,0.02,0
5222,0.14,1
5223,1.75,7
5224,1.01,6
5225,0.71,4
5226,0.42,3
5227,0.05,6
5228,0.22,1
5229,0.42,2
5230,0.33,1
5231,0.22,3
5232,0.13,3
5233,0.04,0
5234,0.21,1
5235,0.2,5
5236,0.23,6
5237,0.11,5
5238,0.11,0
5239,0.03,1
5240,0.18,3
5241,0.26,6
5242,0.38,6
5243,0.4,3
5244,0.78,16
5245,0.49,10
5246,0.57,12
5247,0.77,5
5248,0.38,6
5249,0.28,2
5250,0.02,0
5251,0.11,0
5252,0.1,0
5253,0.27,0
5254,0.23,0
5255,1.92,1
5256,1.12,2
5257,1.88,4
5258,0.25,1
5259,0.31,0
5260,0.37,0
5261,0.23,0
5262,1.37,1
5263,0.89,1
5264,4.69,0
5265,1.35,2
5266,4.71,1
5267,1.32,0
5268,5.29,0
5269,2.57,0
5270,10.91,2
5271,9.81,1
5272,1.45,0
5273,0.3,0
5274,0.96,0
5275,2.48,6
5276,1.89,1
5277,0.79,2
5278,1.5,10
5279,2.59,0
5280,0.03,0
5281,3.4,10
5282,0.81,1
5283,0.11,0
5284,3.24,18
5285,0.29,1
5286,1.81,7
5287,0.88,0
5288,0.86,2
5289,0.35,0
5290,0.31,1
5291,3.27,1
5292,1.71,7
5293,0.84,6
5294,2.11,21
5295,0.45,3
5296,0.7,0
5297,0.2,0
5298,0.4,5
5299,0.2,2
5300,0.06,0
5301,2.9,7
5302,9.63,30
5303,1.19,3
5304,1.64,3
5305,1.18,1
5306,0.62,0
5307,0.51,1
5308,4.31,12
5309,0.15,0
5310,0.52,0
5311,1.26,1
5312,2.66,5
5313,0.72,0
5314,2.52,5
5315,4.42,14
5316,4.14,6
5317,2.51,2
5318,0.58,0
5319,0.18,0
5320,0.04,0
5321,1.67,8
5322,0.14,0
5323,0.48,3
